,CÃ³digo municipio,2009_1,2009_2,2009_3,2009_4,2010_5,2009_6,2009_7,2009_8,2009_9,2009_10,2009_11,2009_12,2011_13,2009_14,2009_15,2009_16,2009_17,2001_18,2009_19,2009_20,2009_21,2005_22,2005_23,2009_24,2009_25,2005_26,2011_27,2009_28,2009_29,2009_30,2009_31,2009_32,2012,2009_34,2009_35,2009_36,2009_37,2009_38,2009_39,2009_40,2009_41,2009_42,2009_43,2010_44,2010_45,2010_46,2011_47,2009_48,2009_48.1,2011_50,2009_51,2009_52,2009_53,2009_54,2005_55,2005,2006_57,2009_58,2009_59,2009_60,2009_61,2006_62,2007,2009_64,2001_65,2010,2009
0,48001,43.75,8.65,0.0,185.36,33.4,0.0,4.55,0.0,2.0,96.44,0.0,6.04,145.52,11.71,7.3,201.11,43.75,88.98,23.68,2.74,2.75,212.71,44.28,100.0,3.41,43.85,73.8,49.69,46.73,13.71,16.76,19.97,4.83,63.27,6.06,13.95,289.99,10.94,289.99,0.73,20.38,9.44,0.0,19.51,56.11,16.89,94.05,4.16,7260.0,66.02,0.55,185.36,4.55,2.41,1.16,55.01,90.64,8.75,10.4,12.9,6.04,0.88,12.94,5.86,11.24,7.6,8.5
1,20001,25.0,0.0,0.0,269.94,37.6,0.0,0.0,0.0,3.0,96.71,0.0,3.12,154.65,0.0,0.0,28.21,25.0,100.0,32.14,0.0,0.0,261.93,49.18,0.0,7.69,52.75,71.6,43.61,69.89,18.35,16.67,4.17,35.0,79.17,15.82,18.67,585.88,0.0,585.88,0.9,12.27,0.0,0.0,14.75,43.53,11.51,100.0,1.9,316.0,74.44,0.0,269.94,9.49,0.26,0.18,50.36,110.75,103.45,92.02,18.69,3.12,6.53,10.73,20.61,31.4,22.98,14.93
2,48002,30.77,9.6,0.0,250.51,37.0,0.0,2.63,9.77,3.0,98.08,0.0,0.41,184.19,9.12,4.56,595.49,30.77,94.7,23.48,3.09,3.11,480.39,92.71,88.17,3.4,42.44,67.2,47.9,51.52,15.68,21.74,13.04,2.39,65.22,6.22,13.99,240.1,7.2,240.1,0.76,4.52,0.0,61.39,20.98,55.96,16.29,84.89,1.63,9647.0,80.36,1.34,250.51,0.0,10.19,2.16,38.46,76.86,8.6,14.6,9.29,0.41,0.82,8.6,8.15,10.63,21.09,18.13
3,20002,80.0,36.14,0.0,326.34,23.4,46.62,17.99,0.0,1.0,96.71,0.0,-2.41,294.39,2.49,4.99,57.29,80.0,100.0,32.3,0.0,0.0,301.7,39.12,0.0,5.0,52.75,66.1,91.57,55.43,14.46,16.53,26.45,6.56,57.02,17.46,19.2,-900.8,0.0,-900.8,1.79,9.32,0.0,0.0,16.31,53.21,17.38,100.0,2.99,401.0,81.7,2.33,326.34,17.46,4.54,3.71,66.71,108.36,5.03,37.3,12.05,-2.41,1.59,8.34,29.35,14.69,8.29,24.1
4,20016,33.33,15.63,0.0,114.6,28.5,0.0,5.03,4.98,3.0,98.9,27.75,4.03,156.28,3.06,3.06,34.96,33.33,98.11,38.45,4.98,5.11,331.52,64.61,83.33,4.82,28.6,73.4,43.87,59.58,15.63,21.78,26.22,32.07,52.0,16.85,17.06,219.79,4.98,219.79,0.72,365.22,0.0,59.41,13.06,51.44,16.77,100.0,4.9,1958.0,75.42,0.5,114.6,10.73,0.79,0.73,51.96,109.75,4.49,9.97,15.63,4.03,3.98,20.39,17.74,17.67,11.07,14.97
5,20003,20.0,8.71,0.0,338.98,39.1,0.0,10.46,0.0,3.0,98.9,0.0,1.45,350.9,10.46,4.48,102.92,20.0,96.88,12.77,14.12,0.0,198.13,24.91,0.0,6.06,28.8,73.4,21.77,47.36,11.81,10.71,23.21,21.33,66.07,7.47,15.99,632.18,0.0,632.18,0.8,81.92,0.0,0.0,17.05,46.39,12.46,100.0,8.22,669.0,75.94,1.41,338.98,8.97,3.78,4.62,35.08,110.61,4.88,16.95,7.26,1.45,4.53,22.03,22.53,23.08,23.12,40.98
6,48911,66.67,13.39,0.0,64.44,44.1,0.0,0.0,88.89,3.0,98.9,0.0,2.23,195.31,0.0,0.0,60.96,66.67,100.0,2.94,0.0,0.0,249.98,33.18,0.0,0.0,41.51,72.1,22.32,63.0,20.67,25.0,15.0,33.33,60.0,6.74,13.71,924.1,0.0,924.1,0.55,42.22,0.0,0.0,18.36,61.04,27.05,100.0,1.57,445.0,75.12,0.0,64.44,2.25,2.21,4.25,54.25,128.19,9.32,33.33,8.93,2.23,10.03,15.05,6.97,12.43,24.0,32.79
7,20004,66.67,12.74,0.0,215.87,40.4,31.75,18.21,0.0,1.0,96.71,0.0,12.74,196.52,0.0,0.0,24.19,66.67,98.86,57.79,0.0,0.0,359.25,63.51,0.0,14.29,52.75,71.8,12.74,59.18,18.59,17.14,22.86,27.91,60.0,12.82,15.06,-412.77,0.0,-412.77,1.07,34.92,0.0,0.0,15.27,49.82,19.64,91.67,1.6,312.0,84.13,0.0,215.87,0.0,0.43,0.39,64.19,121.94,1.79,3.17,19.11,12.74,3.93,6.95,7.96,34.07,22.87,19.61
8,20005,59.64,23.54,0.0,360.57,45.5,11.43,6.1,14.29,1.0,96.71,0.0,3.44,200.02,11.54,4.04,222.18,60.61,95.0,59.58,5.71,11.54,301.24,43.29,0.0,3.23,52.75,59.9,33.87,57.69,17.6,22.73,15.91,5.8,61.36,5.77,15.0,134.31,11.43,134.31,0.62,0.0,0.0,0.0,17.47,53.51,17.14,100.0,6.35,1733.0,84.16,0.57,360.57,-1.15,1.46,0.13,73.85,88.82,19.96,36.58,16.07,3.44,1.55,5.86,7.37,24.61,25.27,7.25
9,1001,75.0,3.75,0.0,128.96,23.9,0.0,3.28,0.0,2.0,99.73,0.0,7.5,145.03,5.73,2.29,131.66,75.0,91.3,37.46,3.68,0.0,269.73,13.71,100.0,4.4,21.02,78.5,19.12,48.44,8.55,17.65,13.9,5.52,68.45,4.2,20.73,66.55,3.68,66.55,0.66,8.84,0.0,103.31,20.36,65.19,22.59,96.53,6.22,2620.0,82.56,0.37,128.96,11.83,6.57,57.99,33.87,111.83,9.94,47.9,12.37,7.5,4.55,15.25,97.14,14.92,9.81,8.85
10,20006,0.0,5.63,0.0,201.13,40.2,0.0,20.1,0.0,3.0,96.71,0.0,2.82,247.14,2.8,2.8,30.0,0.0,97.67,100.0,0.0,0.0,261.52,61.54,0.0,10.53,52.75,69.3,11.27,65.28,15.13,20.0,16.67,36.11,63.33,19.61,19.05,-81.47,0.0,-81.47,0.85,45.33,0.0,0.0,18.62,52.07,16.9,100.0,1.4,357.0,86.54,0.0,201.13,-2.8,0.34,0.25,70.17,138.43,12.5,14.16,16.9,2.82,4.66,8.33,36.78,29.06,19.88,13.7
11,48912,87.5,3.53,0.0,318.25,44.2,0.0,3.06,8.84,3.0,98.08,0.0,2.47,184.27,8.82,2.82,132.48,87.5,91.09,38.51,3.54,0.0,514.3,91.62,0.0,4.35,37.68,64.4,44.14,53.99,19.82,21.62,20.46,7.5,57.92,7.05,11.68,338.83,10.61,338.83,0.56,4.24,0.0,0.0,17.23,52.17,17.0,100.0,3.49,2835.0,83.38,0.71,318.25,0.71,2.11,0.28,47.29,77.49,6.86,10.96,12.01,2.47,3.32,6.02,2.16,12.17,30.1,11.73
12,20906,100.0,6.25,0.0,213.84,42.7,62.89,0.0,0.0,3.0,96.71,0.0,0.0,177.64,0.0,0.0,64.4,100.0,100.0,100.0,0.0,0.0,213.68,36.01,0.0,0.0,38.96,68.8,39.25,56.31,11.8,40.0,6.67,13.33,53.33,18.63,22.98,482.89,0.0,482.89,0.56,0.0,0.0,0.0,14.93,54.48,26.12,100.0,2.48,161.0,82.09,6.29,213.84,0.0,1.52,3.2,59.6,138.52,163.16,389.94,6.25,0.0,2.4,11.68,65.98,40.68,33.77,54.05
13,20007,80.0,12.5,0.0,221.11,43.3,25.13,26.49,50.25,3.0,96.71,0.0,-2.5,137.01,0.0,0.0,41.02,80.0,98.82,26.78,0.0,0.0,382.39,54.38,0.0,9.52,52.75,66.5,20.0,56.42,10.45,21.05,23.68,14.89,55.26,2.49,22.64,128.2,0.0,128.2,0.86,0.0,0.0,0.0,18.81,59.7,20.6,92.5,2.74,402.0,83.65,2.51,221.11,-2.49,0.93,0.41,69.8,146.45,4.4,10.05,15.0,-2.5,2.19,6.1,18.93,23.13,19.43,32.61
14,20008,100.0,7.06,0.0,25.15,42.3,10.06,7.83,0.0,2.0,96.71,0.0,-1.01,127.56,6.06,0.0,48.06,100.0,98.47,41.59,10.06,0.0,262.09,28.46,0.0,5.56,45.39,63.4,25.2,60.71,20.51,35.63,14.94,31.07,49.43,9.09,14.14,723.43,10.06,723.43,0.84,12.07,0.0,0.0,12.35,37.49,12.46,98.28,6.16,990.0,66.84,1.01,25.15,5.05,0.98,0.19,61.21,98.76,33.33,67.4,7.06,-1.01,5.1,9.31,-0.5,26.91,24.08,20.98
15,48003,44.0,5.03,20.35,170.07,34.5,1.67,1.57,3.73,3.0,96.44,19.43,1.4,138.17,12.5,9.02,306.04,44.0,76.28,32.22,3.34,1.68,276.2,65.74,76.86,5.58,43.85,75.7,23.01,53.37,16.93,22.13,8.45,3.57,69.42,6.73,13.83,619.66,8.9,619.66,0.62,7.51,0.0,78.83,17.49,58.16,20.77,79.93,6.2,17842.0,61.53,0.89,170.07,9.81,3.63,0.19,65.2,91.57,5.87,6.9,9.72,1.4,0.83,5.99,9.84,13.44,13.22,9.14
16,48004,66.67,14.6,0.0,183.57,38.1,0.0,0.0,72.46,3.0,98.9,0.0,-7.3,180.25,2.45,2.45,31.63,66.67,98.04,17.03,0.0,0.0,244.78,43.18,0.0,12.5,42.0,68.9,17.03,64.52,20.34,15.79,15.79,50.0,68.42,12.25,15.69,325.83,0.0,325.83,0.71,24.15,0.0,0.0,12.3,47.06,17.38,100.0,2.7,408.0,70.45,2.42,183.57,-2.45,0.72,0.47,83.26,166.34,24.73,55.56,4.87,-7.3,16.41,31.58,12.09,18.05,20.43,30.3
17,1002,85.71,10.33,33.3,206.57,37.4,1.99,2.76,8.16,3.0,100.0,5.39,0.1,231.62,11.6,7.43,104.66,85.71,83.52,28.77,2.99,1.98,481.64,27.11,91.04,4.41,43.32,73.6,25.42,50.0,16.92,16.36,10.69,11.33,72.96,5.85,11.89,146.74,9.95,146.74,0.64,6.07,0.4,35.86,18.06,57.78,19.16,73.78,6.31,10089.0,56.5,0.7,206.57,6.24,2.58,2.27,57.79,97.64,12.08,29.85,8.44,0.1,7.14,19.29,3.45,11.17,18.62,10.69
18,20009,21.21,16.56,19.07,133.82,34.3,0.68,1.7,3.41,1.0,99.73,18.53,3.95,158.46,10.9,6.47,535.73,21.21,86.94,38.86,4.09,2.04,335.49,55.82,85.84,4.25,57.28,71.4,22.15,51.89,17.25,20.16,9.88,3.06,69.96,5.18,13.24,215.13,8.18,215.13,0.58,0.82,0.0,43.56,17.54,55.05,17.06,75.96,4.02,14679.0,71.9,1.43,133.82,0.41,3.99,1.35,57.63,79.87,26.37,19.64,12.27,3.95,1.2,10.67,3.02,12.56,11.82,8.51
19,20010,100.0,2.16,0.0,156.22,31.9,5.41,5.42,0.0,1.0,96.71,0.0,7.56,157.92,8.64,5.94,451.46,100.0,91.41,33.88,5.41,0.0,224.91,31.99,0.0,5.41,52.75,68.1,36.2,53.74,13.29,15.97,13.19,6.29,70.83,4.86,17.07,105.67,5.41,105.67,0.69,3.78,0.0,0.0,17.82,53.17,16.16,96.71,5.35,1851.0,85.1,0.54,156.22,4.86,5.93,0.0,53.66,83.11,4.12,5.41,12.97,7.56,0.48,4.15,7.74,10.68,7.25,9.38
20,20011,59.64,5.54,0.0,261.92,32.6,9.25,3.99,14.81,3.0,96.44,0.0,10.16,159.32,6.92,2.77,78.27,60.61,94.17,20.25,4.63,0.0,287.23,77.31,62.5,4.26,31.45,71.9,60.51,53.65,16.79,21.68,14.69,8.51,63.64,5.07,14.62,733.07,9.25,733.07,0.63,5.55,0.0,21.39,21.59,64.39,20.69,100.0,4.75,2168.0,63.14,0.46,261.92,0.92,0.99,0.11,80.69,94.25,10.99,13.88,18.01,10.16,8.65,7.81,14.11,13.47,11.25,17.86
21,48005,28.57,19.23,0.0,892.86,45.2,0.0,0.0,0.0,3.0,100.0,0.0,-9.62,214.49,10.53,21.05,36.54,28.57,100.0,33.96,0.0,105.26,293.96,64.37,0.0,0.0,48.71,59.4,115.38,82.69,28.42,22.22,22.22,4.76,55.56,21.05,16.84,297.22,0.0,297.22,1.01,294.64,0.0,0.0,23.47,58.16,17.35,100.0,0.0,95.0,85.71,8.93,892.86,-31.58,5.42,6.15,79.62,97.27,2.84,35.71,0.0,-9.62,1.05,9.55,7.95,26.67,39.34,100.0
22,20012,33.33,62.2,0.0,435.78,30.9,0.0,18.99,0.0,3.0,96.71,0.0,4.78,163.2,15.08,15.08,153.08,33.33,100.0,20.0,0.0,0.0,264.5,69.44,0.0,0.0,30.8,67.8,23.92,73.04,22.11,17.86,14.29,12.5,67.86,5.03,16.08,175.46,0.0,175.46,2.08,0.0,0.0,0.0,21.28,63.3,19.68,92.86,4.02,199.0,88.76,4.59,435.78,-5.03,2.54,1.54,57.69,134.96,42.42,64.22,14.35,4.78,0.7,9.98,18.45,13.11,12.5,47.62
23,1003,66.67,9.35,0.0,66.8,35.2,0.0,6.64,0.0,3.0,96.44,0.0,-2.0,155.58,6.0,0.67,20.31,66.67,95.61,52.49,6.68,0.0,293.72,14.87,0.0,4.44,31.45,68.9,13.35,61.88,19.08,19.75,9.88,25.56,70.37,6.0,15.41,238.3,13.36,238.3,0.79,18.7,0.0,0.0,21.61,60.18,22.35,100.0,2.33,1499.0,89.22,0.0,66.8,2.67,0.15,0.88,77.75,121.39,4.5,3.34,10.01,-2.0,9.78,9.21,9.18,15.6,14.16,16.95
24,48006,50.0,28.57,0.0,461.54,43.3,0.0,22.25,0.0,3.0,96.44,0.0,3.17,182.25,0.0,0.0,80.26,50.0,87.14,47.5,0.0,0.0,254.66,63.14,0.0,0.0,27.94,68.5,47.62,50.25,20.0,6.67,6.67,11.11,86.67,6.56,10.82,623.18,0.0,623.18,0.74,0.0,0.0,0.0,21.84,63.14,23.89,100.0,2.62,305.0,91.98,0.0,461.54,3.28,2.58,2.37,74.47,118.2,1.02,3.08,9.52,3.17,0.14,6.99,12.96,16.94,36.84,50.0
25,48093,37.5,5.28,0.0,302.98,37.3,8.76,3.81,0.0,3.0,96.44,21.13,3.52,182.26,8.84,1.77,124.29,37.5,95.93,50.88,8.76,0.0,363.3,51.41,0.0,3.12,58.78,64.7,29.9,59.75,18.57,30.85,5.32,15.58,63.83,7.07,15.65,-64.75,17.51,-64.75,0.66,107.71,0.0,0.0,17.54,59.11,21.67,100.0,11.58,1131.0,80.55,0.88,302.98,7.96,1.09,0.44,88.24,95.12,21.21,18.39,12.31,3.52,0.68,10.2,8.33,18.24,14.93,21.39
26,20013,13.33,4.03,14.8,161.04,32.6,1.49,2.27,9.25,3.0,96.44,0.0,1.34,164.0,9.12,5.08,229.86,13.33,77.69,29.04,2.99,0.0,306.64,76.58,65.53,4.94,24.5,79.1,21.66,52.68,16.34,20.4,15.7,3.4,63.9,5.53,14.37,374.52,7.46,374.52,0.62,1.79,1.79,172.14,19.6,63.03,21.54,89.73,4.31,6689.0,72.44,0.6,161.04,0.75,1.74,0.07,51.75,87.44,24.31,18.36,10.31,1.34,7.74,4.65,9.73,6.97,8.13,6.11
27,1006,100.0,310.19,0.0,195.56,49.2,0.0,0.0,0.0,2.0,98.08,0.0,9.26,169.43,0.0,0.0,19.53,100.0,100.0,17.93,0.0,0.0,808.64,9.46,0.0,0.0,54.32,68.2,74.07,58.02,20.29,5.26,21.05,17.39,73.68,4.83,13.53,956.08,0.0,956.08,0.87,0.0,0.0,0.0,18.78,53.81,13.2,95.0,1.93,207.0,86.67,0.0,195.56,-4.83,2.26,89.53,8.49,147.68,16.67,177.78,13.89,9.26,0.96,18.61,35.29,15.74,28.21,62.5
28,1037,31.25,18.34,0.0,494.35,45.2,0.0,8.49,70.62,3.0,98.08,0.0,-7.05,264.14,4.23,1.41,5.77,31.25,98.53,75.14,0.0,14.08,285.43,18.95,0.0,12.5,48.45,67.9,33.85,54.35,24.51,25.0,15.0,38.64,60.0,7.04,8.73,47.74,14.12,47.74,0.91,66.38,0.0,0.0,19.16,51.28,15.69,100.0,6.06,710.0,73.73,1.41,494.35,-2.82,0.55,15.9,62.75,108.04,4.42,42.37,7.05,-7.05,15.21,22.31,-0.28,10.58,22.28,285.71
29,48009,83.33,19.67,0.0,510.87,42.4,0.0,0.0,21.74,1.0,100.0,0.0,1.09,142.6,3.3,0.0,39.87,83.33,98.61,41.87,0.0,0.0,264.86,25.21,0.0,2.94,37.68,69.7,46.99,56.72,18.92,14.71,27.21,4.51,58.09,6.6,13.97,509.41,0.0,509.41,0.94,9.78,0.0,0.0,17.38,61.0,24.91,94.12,1.87,909.0,83.33,1.09,510.87,1.1,1.43,0.7,73.25,104.32,13.19,46.74,13.11,1.09,4.07,10.49,22.01,20.62,27.13,35.21
30,20055,48.39,3.9,11.1,181.73,36.3,2.27,2.29,6.77,3.0,96.44,0.0,-1.45,164.28,13.37,9.7,643.27,48.39,74.03,21.49,3.63,1.36,339.55,50.91,98.16,5.1,17.3,72.8,29.22,56.27,20.26,17.62,8.69,2.48,73.69,5.89,11.6,352.01,8.18,352.01,0.61,5.72,0.91,31.05,18.44,57.06,19.61,66.26,4.07,22064.0,44.93,1.32,181.73,4.8,5.81,0.67,67.0,82.16,17.61,15.95,7.67,-1.45,5.87,3.5,-8.01,5.23,12.9,5.73
31,48914,50.0,10.61,0.0,142.48,44.1,0.0,0.0,0.0,3.0,98.9,0.0,2.65,195.8,0.0,0.0,38.03,50.0,100.0,29.66,0.0,0.0,156.96,43.9,0.0,30.0,41.51,68.8,61.01,54.32,23.2,45.83,8.33,17.24,45.83,5.33,10.13,433.51,0.0,433.51,0.68,0.0,0.0,0.0,16.76,56.25,22.73,92.86,2.93,375.0,91.71,2.64,142.48,0.0,0.68,3.85,70.79,145.1,7.46,13.19,10.61,2.65,11.27,16.29,-5.06,12.43,21.86,76.92
32,1008,50.0,68.7,0.0,741.51,46.4,0.0,0.0,65.72,1.0,99.73,0.0,-1.09,233.6,0.0,2.17,16.05,50.0,100.0,37.79,0.0,21.72,286.61,10.84,100.0,0.0,44.45,71.1,118.87,48.07,13.68,15.49,5.63,23.16,78.87,15.2,14.88,772.27,0.0,772.27,0.97,0.0,0.0,105.26,19.64,60.84,20.6,85.19,2.71,921.0,84.39,0.0,741.51,-6.51,1.16,33.61,29.32,149.04,9.05,65.72,7.63,-1.09,2.43,10.38,21.83,10.67,30.15,62.99
33,48010,100.0,3.6,0.0,62.72,46.4,0.0,5.3,0.0,2.0,98.9,0.0,-5.41,285.11,1.81,1.81,38.0,100.0,100.0,100.0,0.0,0.0,250.78,78.67,0.0,0.0,54.47,68.2,27.03,65.96,22.14,20.83,12.5,32.35,66.67,3.63,14.88,770.37,0.0,770.37,0.8,0.0,0.0,0.0,14.82,56.13,25.1,100.0,3.45,551.0,87.45,0.0,62.72,1.81,0.73,0.14,63.17,125.71,9.43,17.92,5.41,-5.41,11.77,20.11,12.91,24.65,22.36,59.52
34,48011,57.14,3.79,0.0,2.02,31.3,1.62,2.5,1.7,3.0,100.0,19.96,3.23,180.82,8.2,4.58,777.19,57.14,71.15,38.59,3.24,1.61,297.26,40.09,86.23,0.91,35.41,71.7,28.56,52.58,13.82,19.79,13.32,0.86,66.89,5.63,15.83,390.68,8.09,390.68,0.57,14.32,0.0,79.36,16.35,59.42,21.03,94.45,4.04,12435.0,84.16,1.29,2.02,1.93,5.69,1.56,57.5,84.63,20.53,15.13,10.24,3.23,1.92,6.86,18.08,6.78,11.82,12.21
35,48023,40.0,6.61,0.0,442.11,37.2,0.0,0.0,5.26,3.0,96.44,72.42,0.0,180.76,3.99,2.66,60.56,40.0,99.22,29.56,13.16,13.32,288.81,45.82,0.0,3.33,49.43,72.6,27.78,50.2,17.58,21.67,11.67,7.35,66.67,10.65,13.18,1018.0,0.0,1018.0,0.85,44.74,0.0,0.0,17.91,68.58,28.34,100.0,4.66,751.0,89.31,1.32,442.11,17.31,1.52,1.94,74.6,111.1,12.17,30.26,7.94,0.0,0.82,9.01,21.92,30.15,20.2,36.36
36,48008,60.0,9.71,0.0,104.25,63.5,0.0,5.29,0.0,2.0,100.0,0.0,-6.93,237.75,2.81,2.81,19.4,60.0,100.0,80.74,13.72,0.0,297.82,87.41,0.0,11.11,47.61,60.0,58.25,63.3,22.75,40.0,6.0,34.21,54.0,5.62,11.1,127.0,0.0,127.0,0.9,57.61,0.0,0.0,19.05,57.14,15.92,95.0,4.21,712.0,82.27,2.74,104.25,39.33,0.43,0.0,58.23,122.25,10.26,21.95,12.48,-6.93,13.98,23.24,6.27,4.39,47.61,47.06
37,1004,60.0,9.35,0.0,297.03,38.2,0.0,7.33,0.0,2.0,100.0,0.0,1.65,210.57,10.45,6.05,66.35,60.0,88.89,38.45,5.5,5.5,360.66,22.3,86.54,1.75,65.34,66.0,25.85,49.26,14.25,21.83,7.04,16.9,71.13,8.8,14.58,47.3,11.0,47.3,0.64,7.7,0.0,194.03,19.39,65.97,21.93,97.38,5.01,1818.0,77.74,0.0,297.03,2.75,2.31,0.73,58.03,101.27,9.78,34.1,12.65,1.65,14.92,23.27,35.87,1.69,14.51,14.87
38,1009,82.61,19.25,0.0,353.57,47.6,0.0,7.21,0.0,3.0,99.73,13.01,9.63,684.69,4.26,1.22,25.21,82.61,98.15,18.54,5.95,12.17,631.71,34.33,66.67,7.69,52.03,67.4,74.01,57.32,19.28,16.13,20.16,17.05,63.71,8.52,13.02,124.75,5.95,124.75,0.8,22.62,0.0,37.74,16.49,48.48,14.57,98.23,7.24,1644.0,59.0,1.79,353.57,4.26,1.93,25.67,54.56,100.48,3.97,29.76,15.04,9.63,2.76,29.89,5.32,8.43,31.05,46.22
39,20014,85.71,7.45,0.0,293.28,38.4,6.79,0.0,20.37,1.0,96.71,0.0,6.78,156.4,7.44,4.06,87.46,85.71,98.28,29.63,6.79,0.0,288.53,28.58,100.0,7.14,52.75,62.4,32.52,61.18,14.61,17.99,25.93,22.02,56.08,5.41,19.28,402.16,6.79,402.16,0.91,12.22,0.0,27.15,16.6,49.07,15.15,100.0,3.38,1478.0,76.05,2.04,293.28,0.68,2.53,0.71,43.49,112.54,28.1,81.47,13.55,6.78,4.16,10.74,25.36,18.6,16.18,6.87
40,20903,60.0,10.86,0.0,328.1,33.9,2.12,4.76,2.97,3.0,99.73,0.0,10.23,193.91,12.61,10.26,406.78,60.0,94.24,41.17,2.12,2.14,259.92,39.7,50.0,1.88,44.0,75.3,48.15,48.46,10.97,16.32,22.16,3.12,61.51,9.41,17.61,-57.39,12.74,-57.39,0.93,10.19,0.0,29.47,19.94,62.87,20.73,99.51,5.47,4678.0,80.73,1.27,328.1,2.99,8.66,7.04,43.3,89.79,15.46,32.7,14.91,10.23,6.68,10.46,39.43,14.01,16.3,11.75
41,20015,50.0,6.58,209.46,264.67,45.3,17.96,6.97,0.0,1.0,96.71,0.0,-1.8,157.53,4.19,0.6,28.47,50.0,96.28,72.25,5.99,5.98,234.99,30.78,0.0,4.76,54.6,63.9,18.55,66.43,21.96,21.18,4.71,29.41,74.12,4.79,15.26,1206.0,5.99,1206.0,0.67,4.79,0.0,0.0,17.69,53.62,20.15,99.21,3.41,1671.0,87.12,0.6,264.67,5.98,0.36,0.12,81.89,105.3,19.63,25.15,13.76,-1.8,5.06,12.21,7.6,19.53,25.4,18.87
42,48091,11.76,8.31,0.0,165.39,39.1,13.96,1.45,6.98,3.0,96.44,22.5,5.54,183.94,4.81,1.38,62.67,11.76,93.3,24.6,6.98,0.0,203.0,20.63,0.0,2.38,43.85,68.6,31.16,45.69,13.96,17.92,18.87,16.67,63.21,9.63,12.31,411.14,6.98,411.14,0.73,32.1,0.0,0.0,16.21,50.31,15.44,100.0,3.58,1454.0,75.28,0.0,165.39,9.63,1.43,0.78,66.29,103.72,1.21,2.79,10.39,5.54,0.76,15.82,-0.41,15.74,12.46,22.22
43,48070,75.0,5.87,0.0,286.76,53.5,14.71,10.52,88.24,3.0,98.9,0.0,-7.33,183.55,2.93,0.0,27.0,75.0,98.21,42.11,0.0,0.0,276.49,76.53,0.0,11.76,42.0,66.2,21.99,78.8,28.11,19.05,9.52,21.57,71.43,7.32,13.76,564.93,14.71,564.93,0.88,0.0,0.0,0.0,19.61,53.16,17.83,100.0,1.46,683.0,76.23,1.47,286.76,4.39,0.4,0.32,79.88,119.07,48.51,72.06,8.8,-7.33,16.26,25.21,5.56,22.99,25.14,10.42
44,1010,66.67,13.95,0.0,327.91,40.7,0.0,0.0,0.0,2.0,100.0,0.0,3.22,220.1,2.17,1.09,19.62,66.67,98.03,27.93,3.54,0.0,341.19,18.98,78.38,3.57,46.62,73.7,38.64,57.44,16.54,20.12,23.08,39.93,56.8,3.98,16.25,-0.61,0.0,-0.61,0.88,37.14,21.22,31.04,20.24,60.06,20.72,99.51,1.3,2763.0,83.16,0.35,327.91,3.62,0.92,1.03,52.67,127.89,3.31,15.21,14.31,3.22,9.97,19.22,36.04,9.46,22.99,4.21
45,20018,88.89,6.69,0.0,240.75,35.5,2.1,1.53,4.4,3.0,85.21,0.0,4.81,158.01,17.88,13.36,207.13,88.89,83.27,34.59,3.5,2.09,281.17,34.38,97.67,4.22,22.2,76.5,24.34,58.63,16.71,16.94,11.51,6.51,71.55,5.63,15.44,228.68,9.79,228.68,0.66,10.77,0.84,30.03,13.5,52.43,18.42,75.06,5.95,14375.0,43.43,1.4,240.75,-1.11,2.83,0.45,65.17,104.38,11.45,15.73,13.11,4.81,8.67,13.39,6.01,21.01,11.73,7.5
46,1049,0.0,45.45,0.0,491.43,61.9,0.0,0.0,0.0,1.0,98.08,0.0,-17.05,205.1,11.36,0.0,8.04,0.0,100.0,100.0,57.14,0.0,1082.0,16.37,0.0,0.0,77.35,67.9,62.5,83.33,35.23,11.76,5.88,29.41,82.35,17.05,9.09,11.46,0.0,11.46,0.77,45.71,0.0,0.0,16.27,37.35,10.84,100.0,3.41,176.0,76.47,5.71,491.43,5.68,0.69,34.57,45.16,114.08,5.26,45.71,5.68,-17.05,7.65,22.79,-6.38,2.05,36.03,71.43
47,48012,66.67,3.76,0.0,445.34,34.8,8.1,3.01,2.02,2.0,98.9,0.0,2.93,226.84,7.78,3.46,137.68,66.67,88.78,78.64,4.05,4.32,312.27,51.0,69.57,3.3,74.44,69.8,67.31,48.75,16.08,21.67,5.42,11.0,72.91,16.0,13.36,280.96,8.1,280.96,0.68,40.49,0.0,120.1,12.48,69.96,35.16,93.87,4.8,2313.0,81.08,4.86,445.34,3.46,3.89,0.83,63.45,86.53,10.72,28.34,9.2,2.93,12.04,20.3,45.75,5.68,9.41,16.76
48,20904,50.0,8.7,0.0,208.33,27.9,83.33,48.89,83.33,1.0,96.71,0.0,17.39,156.79,0.0,0.0,40.74,50.0,100.0,100.0,0.0,0.0,249.38,99.11,0.0,14.29,52.75,64.8,8.7,50.68,15.45,62.5,0.0,42.86,37.5,9.09,15.45,876.08,0.0,876.08,0.73,0.0,0.0,0.0,16.5,42.72,15.53,100.0,0.0,110.0,82.76,8.33,208.33,18.18,0.74,0.37,64.44,127.5,25.0,41.67,17.39,17.39,3.69,9.75,29.41,34.09,13.79,105.26
49,48090,57.14,2.46,34.94,98.29,40.7,1.36,3.22,2.31,3.0,100.0,0.0,-4.1,183.55,14.17,9.22,326.01,57.14,84.21,53.54,2.72,1.38,315.22,46.29,70.0,4.37,39.09,67.7,30.61,60.03,21.64,18.34,9.51,1.82,72.16,7.02,11.83,423.77,9.5,423.77,0.57,9.64,0.0,113.28,17.77,53.51,16.2,77.06,4.64,7270.0,66.5,1.09,98.29,9.49,2.37,0.31,79.6,81.74,2.65,1.9,7.93,-4.1,13.8,20.49,2.31,14.32,19.49,7.9
50,48013,41.67,8.06,60.55,85.58,39.0,1.41,1.46,1.28,3.0,98.08,13.29,-0.37,183.02,14.03,9.17,4051.0,41.67,76.37,41.38,3.22,0.51,421.98,86.42,84.0,3.11,37.68,68.4,56.4,54.38,20.89,19.74,4.02,0.4,76.24,6.86,10.82,-2.86,8.56,-2.86,0.49,9.15,0.89,41.48,15.77,53.29,17.94,71.87,4.96,98460.0,71.49,1.26,85.58,6.78,24.47,2.8,34.9,72.87,12.28,7.35,9.68,-0.37,1.96,2.41,0.25,7.27,22.84,4.93
51,48014,100.0,14.31,0.0,24.88,40.4,20.17,3.16,0.67,3.0,98.9,0.0,-6.13,183.94,4.14,0.0,185.77,100.0,98.87,61.8,6.72,0.0,325.28,22.66,77.0,0.0,61.05,70.0,68.12,55.64,18.01,15.31,8.16,8.42,76.53,6.9,14.29,535.53,0.0,535.53,0.7,16.14,0.0,848.61,13.13,73.81,37.01,96.86,3.59,1449.0,89.36,0.67,24.88,10.35,1.27,0.64,23.46,113.0,40.4,26.9,14.99,-6.13,8.94,12.02,31.01,11.25,21.61,18.02
52,1013,29.17,26.88,0.0,396.7,39.3,0.0,0.0,0.0,2.0,99.73,0.0,5.6,329.84,0.0,0.0,8.97,29.17,99.35,62.5,0.0,0.0,301.44,9.56,100.0,0.0,48.36,75.5,47.03,52.71,15.89,18.97,18.97,47.32,62.07,6.86,15.54,329.14,0.0,329.14,0.83,37.36,0.0,229.17,22.29,60.9,21.79,90.28,4.34,875.0,82.48,0.0,396.7,-1.14,1.24,24.4,41.33,146.33,1.9,25.27,10.08,5.6,5.02,17.56,48.31,10.42,17.7,20.69
53,48015,92.71,4.61,60.37,111.47,40.4,2.59,1.94,0.0,3.0,98.08,4.45,-1.74,183.98,15.05,9.78,6093.0,92.71,65.77,36.31,3.53,0.7,335.53,76.71,97.41,3.16,20.96,68.4,37.34,57.57,22.08,18.88,5.7,0.3,75.42,6.63,11.09,-0.33,8.72,-0.33,0.53,1.37,1.06,23.35,11.57,54.03,21.56,78.92,3.31,42657.0,71.31,1.46,111.47,2.6,41.64,3.29,12.14,73.25,14.92,10.25,7.97,-1.74,1.86,5.06,-10.34,8.14,19.28,3.96
54,1011,66.67,0.0,0.0,577.51,48.3,0.0,0.0,0.0,2.0,99.73,0.0,0.0,334.39,12.01,3.0,35.05,66.67,100.0,100.0,0.0,0.0,462.0,7.81,0.0,0.0,63.25,64.4,33.23,78.07,27.03,8.06,72.58,39.08,19.35,12.01,13.21,181.84,30.4,181.84,0.83,0.0,0.0,0.0,7.87,36.07,8.52,100.0,11.11,333.0,44.44,3.04,577.51,-6.01,2.12,59.05,5.68,120.43,1.99,12.16,9.06,0.0,14.8,38.02,0.0,11.27,26.54,47.62
55,20019,44.44,8.81,33.19,131.21,38.5,1.46,2.16,1.39,3.0,96.71,15.61,7.56,157.28,16.3,12.1,451.9,44.44,75.58,28.19,2.19,3.69,283.75,38.44,89.19,4.85,20.5,73.6,46.11,55.17,16.24,23.7,6.04,2.8,70.26,7.08,14.89,412.63,10.23,412.63,0.59,7.53,0.0,32.71,18.35,58.19,20.87,82.28,9.46,13557.0,62.69,0.8,131.21,1.03,3.71,0.93,73.37,85.35,6.92,5.63,14.83,7.56,1.99,8.75,11.39,12.51,19.84,4.71
56,48092,60.0,10.37,0.0,232.92,57.0,0.0,7.91,5.18,3.0,96.44,0.0,-6.22,183.82,6.24,6.24,58.3,60.0,99.03,26.97,10.35,0.0,285.83,47.19,0.0,6.9,31.88,65.8,36.31,64.16,21.0,15.49,30.28,8.33,54.23,6.24,12.89,240.55,10.35,240.55,1.8,0.0,0.0,0.0,15.93,51.75,18.76,98.72,3.74,962.0,80.68,1.04,232.92,1.04,1.42,0.12,79.27,94.63,7.26,17.6,9.34,-6.22,0.67,1.92,-2.24,17.0,40.3,15.27
57,20020,0.0,21.98,0.0,87.43,40.5,109.29,0.0,0.0,1.0,85.21,0.0,5.49,129.43,5.56,5.56,10.71,0.0,100.0,66.67,0.0,0.0,557.12,119.25,0.0,33.33,28.8,59.1,10.99,73.08,21.11,16.67,22.22,48.39,61.11,11.11,17.78,582.85,0.0,582.85,0.97,0.0,0.0,0.0,15.34,49.08,17.79,100.0,0.56,180.0,85.96,0.0,87.43,11.11,0.15,0.48,72.5,176.32,7.69,10.93,16.48,5.49,9.43,12.45,11.8,46.34,12.87,33.33
58,20021,50.0,10.2,0.0,141.89,41.2,0.0,12.5,0.0,1.0,96.71,0.0,13.61,163.06,6.85,6.85,85.88,50.0,100.0,31.71,0.0,0.0,258.27,79.63,0.0,0.0,52.75,61.8,51.02,46.73,16.1,14.08,35.21,12.68,50.7,10.27,14.04,201.13,0.0,201.13,1.24,0.0,0.0,0.0,19.47,48.09,15.65,100.0,5.14,292.0,86.86,3.38,141.89,3.42,7.47,0.0,62.06,119.39,3.94,33.78,13.61,13.61,3.11,3.37,-9.32,27.48,24.81,22.73
59,48016,88.89,3.75,0.0,211.91,30.0,0.0,1.33,3.11,3.0,98.08,59.58,9.15,184.95,3.64,2.13,748.64,88.89,89.85,42.58,2.96,0.0,231.87,26.03,75.0,2.92,50.48,77.6,54.14,49.42,12.16,16.87,7.47,3.07,75.66,4.1,17.08,272.69,7.41,272.69,0.64,0.0,0.0,43.53,13.57,70.46,34.54,99.4,5.01,6588.0,87.85,0.59,211.91,4.4,6.55,5.34,32.05,99.97,7.29,6.22,13.35,9.15,7.18,9.31,36.6,10.75,11.34,5.05
60,1014,25.0,25.59,0.0,420.84,44.9,0.0,0.0,0.0,1.0,98.08,0.0,-4.26,154.37,4.57,2.28,12.27,25.0,99.48,15.56,0.0,0.0,346.47,10.11,0.0,12.5,55.94,65.8,21.32,62.22,25.11,10.53,42.11,37.65,47.37,6.85,11.19,629.01,20.04,629.01,1.35,0.0,0.0,0.0,14.47,49.89,19.65,100.0,4.11,438.0,67.38,0.0,420.84,11.42,1.13,72.41,16.69,108.83,14.14,114.23,6.4,-4.26,2.78,22.49,3.79,9.58,21.53,42.86
61,20022,50.0,31.67,0.0,203.62,36.2,0.0,1.84,0.0,2.0,96.71,0.0,0.0,155.12,3.87,0.0,22.51,50.0,99.16,36.69,9.51,0.0,222.35,47.39,20.0,6.82,65.8,65.6,9.6,63.71,16.36,34.72,8.33,34.09,56.94,4.84,18.01,279.43,9.51,279.43,0.84,19.03,0.0,29.07,13.28,44.61,12.95,97.18,0.77,1033.0,81.25,0.0,203.62,0.97,0.42,0.17,74.16,136.76,2.58,4.76,5.76,0.0,1.61,7.72,6.28,31.19,15.23,5.43
62,20074,35.0,10.56,0.0,190.54,38.5,2.05,2.15,11.27,3.0,96.44,5.24,0.41,156.8,16.25,11.7,190.75,35.0,85.77,33.82,3.42,1.36,374.01,100.34,96.64,5.73,36.4,74.1,33.06,59.46,20.25,12.4,13.92,8.13,73.68,5.44,12.95,221.23,9.56,221.23,0.64,7.52,0.68,35.89,20.02,59.55,19.78,61.66,5.23,14707.0,51.77,1.02,190.54,2.79,1.76,0.4,71.37,90.96,7.61,7.04,10.22,0.41,6.96,6.45,-2.87,10.77,15.41,9.76
63,48017,45.0,3.24,8.21,9.98,46.8,2.94,2.74,0.88,3.0,98.9,0.0,-0.59,105.63,16.35,10.75,496.69,45.0,76.64,50.64,3.52,0.59,398.95,96.91,100.0,4.56,36.62,66.0,28.44,58.54,20.28,25.02,6.14,7.48,68.84,5.31,12.68,51.31,7.64,51.31,0.51,8.52,0.0,21.78,15.32,52.6,17.8,78.68,5.66,16937.0,51.11,1.53,9.98,9.21,2.67,0.26,58.74,88.85,18.04,9.63,9.3,-0.59,14.63,23.16,-0.44,12.14,26.32,2.7
64,1016,26.32,8.7,0.0,469.57,47.1,0.0,0.0,0.0,3.0,98.08,0.0,1.74,47.68,8.7,1.74,4.41,26.32,99.71,10.98,17.39,0.0,544.18,7.14,94.74,12.5,54.71,69.0,45.22,66.18,28.17,14.58,6.25,44.59,79.17,15.65,8.87,-1.34,17.39,-1.34,0.88,106.09,0.0,246.75,15.33,43.36,13.27,100.0,6.78,575.0,59.0,1.74,469.57,5.22,0.64,19.16,58.17,110.89,2.4,34.78,8.7,1.74,19.84,29.77,5.7,17.05,23.48,63.49
65,48018,75.0,24.67,0.0,313.86,36.0,7.79,4.97,0.0,2.0,98.9,0.0,0.77,184.98,6.11,3.82,72.72,75.0,96.12,19.11,0.0,0.0,299.13,54.24,0.0,3.45,40.0,67.8,29.3,46.75,16.73,16.81,28.57,20.44,54.62,9.17,12.3,168.17,7.79,168.17,0.81,25.7,0.0,0.0,12.46,46.78,18.38,96.51,14.97,1309.0,69.29,0.0,313.86,6.11,1.77,0.72,76.28,117.56,4.4,10.9,11.57,0.77,8.71,27.3,39.26,21.91,13.89,5.95
66,48019,60.0,5.53,0.0,77.84,32.3,0.0,3.74,0.0,3.0,96.44,0.0,6.14,95.05,7.98,4.3,162.39,60.0,84.15,30.31,2.05,2.05,276.91,74.31,0.0,2.53,43.85,69.8,30.5,53.28,16.47,11.55,29.48,5.11,58.97,4.71,14.81,546.74,10.24,546.74,0.65,2.87,0.0,0.0,17.55,53.56,17.38,94.61,5.75,4888.0,74.2,0.41,77.84,0.0,1.76,0.86,60.6,100.4,29.62,32.16,13.31,6.14,0.56,14.06,18.55,13.71,7.0,14.67
67,20023,0.0,5.1,0.0,218.75,45.9,17.36,5.37,0.0,3.0,96.71,0.0,3.4,159.19,6.67,0.0,222.22,0.0,95.16,32.68,17.36,0.0,274.25,49.56,0.0,10.53,28.17,66.4,20.41,64.38,19.17,34.48,13.79,33.33,51.72,1.67,14.5,-307.18,0.0,-307.18,0.68,0.0,0.0,0.0,13.51,44.98,14.29,83.33,5.33,600.0,87.61,1.74,218.75,-5.0,2.74,0.37,54.44,103.09,29.73,38.19,13.61,3.4,3.93,4.19,8.89,14.67,18.82,23.81
68,20024,66.67,7.68,0.0,312.62,36.7,18.83,10.82,0.0,3.0,96.7,0.0,0.0,190.27,3.92,3.92,37.23,66.67,97.99,52.63,0.0,0.0,452.05,107.16,0.0,4.55,47.61,64.8,21.11,66.12,18.82,16.67,11.11,38.6,72.22,9.8,17.06,143.7,18.83,143.7,0.76,90.4,0.0,0.0,12.17,49.13,13.7,100.0,4.9,510.0,76.07,1.88,312.62,13.73,0.84,0.07,57.66,204.58,17.39,37.66,11.52,0.0,5.82,8.84,21.43,18.01,16.44,21.28
69,48020,42.39,5.8,13.13,5.27,46.1,1.08,1.07,0.71,3.0,98.08,10.78,-1.66,183.43,16.28,11.25,8592.0,42.39,50.17,38.98,4.22,0.28,511.69,73.82,85.54,2.83,37.68,70.8,61.19,59.5,21.61,12.54,3.91,0.19,83.55,7.93,11.75,361.41,10.53,361.41,0.51,18.82,0.63,40.76,12.7,62.87,27.23,38.75,7.88,354860.0,41.01,2.05,5.27,10.13,31.85,2.06,17.22,82.05,13.3,4.95,8.49,-1.66,2.37,5.44,-0.76,8.18,28.32,2.99
70,48021,75.0,3.42,0.0,147.56,46.5,0.0,7.7,0.0,2.0,98.9,0.0,-8.55,169.87,2.86,2.29,89.08,75.0,96.34,50.39,5.68,0.0,516.2,42.45,93.8,4.26,67.4,62.2,43.33,55.89,22.05,18.0,6.0,7.29,76.0,9.16,11.34,174.71,5.68,174.71,0.64,38.02,0.0,329.92,14.46,61.64,27.68,98.39,2.92,1746.0,84.31,0.0,147.56,8.02,2.27,0.51,67.7,105.63,59.55,150.4,8.55,-8.55,13.96,18.98,5.56,11.62,24.31,28.57
71,1017,100.0,25.85,0.0,324.16,40.1,0.0,7.05,133.21,3.0,98.08,0.0,-8.91,248.04,6.26,1.79,13.15,100.0,98.84,47.44,8.88,8.94,518.71,8.96,92.86,7.69,53.89,67.4,12.48,64.41,24.87,19.63,10.28,21.95,70.09,11.63,11.0,221.21,35.52,221.21,0.81,22.2,0.0,50.72,14.69,46.95,14.12,95.65,7.78,1118.0,64.66,0.89,324.16,5.37,0.55,29.75,63.08,103.18,3.66,15.1,4.46,-8.91,15.62,27.93,5.27,17.07,18.13,32.26
72,20029,100.0,35.95,64.72,185.74,37.5,7.43,4.68,0.0,3.0,98.9,0.0,0.56,156.99,14.05,9.06,104.2,100.0,85.82,32.16,3.71,5.55,247.53,53.76,0.0,4.76,30.7,70.5,56.71,55.27,16.94,8.61,20.35,14.83,71.04,10.72,14.09,225.25,9.29,225.25,0.66,104.57,0.0,0.0,18.24,60.43,22.12,97.17,4.18,5408.0,63.98,1.67,185.74,5.92,2.16,0.46,51.54,94.6,4.02,8.36,9.64,0.56,0.42,5.8,6.25,4.1,14.25,3.94
73,48901,64.29,8.99,24.5,312.73,30.6,3.72,2.08,2.23,3.0,98.08,33.85,4.12,196.24,13.94,8.67,639.4,64.29,80.48,17.66,3.72,1.88,287.05,37.95,92.17,5.32,25.22,70.7,41.57,57.43,19.03,14.63,8.99,1.78,76.38,10.36,14.0,524.04,16.75,524.04,0.73,42.26,0.0,159.77,18.59,55.34,17.13,82.92,3.58,5307.0,78.33,0.56,312.73,7.73,24.66,4.58,48.67,82.42,8.79,33.51,11.99,4.12,1.54,7.23,15.14,8.88,6.1,5.18
74,48026,57.14,7.64,0.0,319.88,65.5,7.62,0.0,18.28,3.0,96.44,0.0,1.53,183.68,3.07,0.0,21.12,57.14,99.81,64.04,7.62,0.0,424.56,42.01,91.46,9.38,45.57,69.1,32.85,62.11,20.31,18.56,9.28,13.89,72.16,10.73,14.33,101.77,7.62,101.77,0.73,22.85,0.0,316.6,19.2,60.49,23.96,100.0,2.15,1305.0,84.99,0.76,319.88,6.13,0.61,0.66,71.12,114.48,2.66,7.62,8.4,1.53,3.89,10.03,23.81,18.76,43.01,5.13
75,20069,46.07,12.05,29.0,153.63,45.0,1.35,2.06,1.83,3.0,99.73,6.87,-1.75,193.53,17.04,12.41,3013.0,46.07,63.81,39.55,4.58,0.81,401.06,61.16,94.01,4.64,34.5,74.1,36.39,58.69,20.38,13.48,3.34,0.51,83.19,7.4,12.59,433.94,10.4,433.94,0.6,29.89,2.39,62.0,13.38,68.98,32.18,33.68,6.48,185357.0,34.6,1.9,153.63,-0.09,17.58,1.97,31.54,85.8,59.94,34.93,8.07,-1.75,3.27,5.2,3.43,8.22,29.21,5.73
76,48027,62.96,4.92,28.34,90.58,33.0,1.06,1.54,2.12,3.0,96.44,4.88,2.55,186.17,15.69,10.98,2635.0,62.96,45.73,44.55,3.54,0.0,273.42,62.96,95.0,4.65,47.15,77.3,36.82,55.18,16.17,12.98,4.06,0.98,82.95,5.46,15.27,224.5,12.03,224.5,0.52,7.64,0.0,38.49,17.91,62.96,24.8,70.07,6.95,28229.0,69.69,1.38,90.58,4.57,21.59,1.31,57.14,88.91,10.6,8.67,10.2,2.55,1.14,11.5,15.15,12.8,16.93,2.08
77,48028,0.0,4.44,0.0,241.92,59.9,22.3,0.0,0.0,3.0,98.9,0.0,-12.21,170.77,5.52,0.0,63.73,0.0,98.88,58.91,11.15,0.0,290.4,40.9,85.0,4.55,42.0,60.7,25.53,61.03,24.97,27.08,4.17,13.79,68.75,11.05,9.61,735.09,11.15,735.09,0.64,39.02,0.0,90.91,14.05,62.93,30.58,100.0,1.88,905.0,80.11,0.0,241.92,8.84,0.29,0.0,68.59,96.07,607.32,277.59,5.55,-12.21,18.56,23.58,10.64,6.75,30.13,46.51
78,20030,100.0,10.47,20.06,227.88,48.4,1.1,1.94,0.0,3.0,96.44,0.0,-1.09,156.95,16.08,11.23,1224.0,100.0,55.21,45.55,4.02,1.09,402.75,45.05,97.4,3.12,57.6,69.9,38.65,62.57,23.18,12.28,10.91,1.6,76.82,5.94,11.59,235.25,9.86,235.25,0.53,6.39,0.51,39.84,17.52,55.67,18.98,62.29,5.28,27419.0,56.3,1.64,227.88,2.88,7.49,0.04,73.88,78.08,3.4,2.08,7.96,-1.09,1.83,9.31,-6.54,11.19,44.23,4.36
79,48031,66.67,4.55,0.0,346.24,41.9,22.78,0.0,0.0,3.0,98.9,0.0,0.0,136.39,9.07,0.0,232.11,66.67,97.32,62.5,22.78,0.0,308.06,47.67,0.0,0.0,59.44,59.7,36.36,60.95,28.34,9.52,0.0,11.54,90.48,15.87,6.8,121.82,22.78,121.82,0.46,93.39,0.0,0.0,19.14,60.77,23.21,100.0,4.54,441.0,85.92,0.0,346.24,-2.27,2.21,0.0,71.05,82.19,23.81,22.78,4.55,0.0,16.66,21.68,-6.17,2.77,14.92,33.33
80,1021,50.0,60.18,0.0,203.74,22.8,0.0,0.0,16.98,2.0,99.73,0.0,5.31,153.42,3.7,5.55,16.85,50.0,99.21,62.28,0.0,18.48,300.46,17.86,100.0,0.0,32.26,72.4,28.32,41.99,8.5,23.81,16.67,33.93,59.52,7.39,17.38,1197.0,0.0,1197.0,0.98,203.74,0.0,387.76,21.95,68.51,23.85,90.74,4.81,541.0,84.88,0.0,203.74,5.55,1.71,54.42,22.93,181.48,5.28,49.24,8.85,5.31,3.15,12.97,101.12,5.7,10.7,48.54
81,1022,87.5,5.72,0.0,558.52,40.7,0.0,2.65,0.0,2.0,99.73,0.0,4.77,319.9,8.6,2.87,64.17,87.5,97.85,33.09,9.51,0.0,505.72,15.01,0.0,3.7,22.19,65.3,27.65,55.19,22.37,14.14,36.36,35.71,49.49,10.52,10.71,-68.16,28.54,-68.16,0.65,123.69,0.0,0.0,12.59,50.67,17.13,100.0,7.55,1046.0,46.06,0.95,558.52,8.6,2.85,72.33,6.99,108.79,3.23,14.27,16.21,4.77,15.09,38.41,15.58,12.56,23.99,16.39
82,20031,100.0,54.85,0.0,255.32,65.1,0.0,8.4,191.49,3.0,96.71,0.0,-4.22,158.77,0.0,0.0,9.48,100.0,100.0,32.56,0.0,0.0,261.86,79.5,0.0,7.14,28.07,63.9,29.54,68.79,19.33,4.55,36.36,15.0,59.09,4.2,18.07,7.49,0.0,7.49,0.9,0.0,0.0,0.0,20.71,46.97,13.13,90.91,1.26,238.0,87.38,0.0,255.32,4.2,0.7,0.04,90.72,121.58,5.68,42.55,12.66,-4.22,4.13,6.24,23.96,27.78,40.0,22.73
83,20033,100.0,12.1,0.0,237.26,30.4,9.27,10.57,83.41,3.0,96.44,0.0,-0.93,155.09,7.48,2.81,63.25,100.0,85.88,29.01,9.27,0.0,345.78,75.24,0.0,8.82,31.8,69.1,35.38,55.15,18.15,4.92,33.61,4.46,61.48,10.29,13.1,16.04,9.27,16.04,0.79,33.36,0.0,0.0,20.37,58.85,19.96,100.0,5.14,1069.0,74.06,0.93,237.26,2.81,1.4,0.06,83.91,103.26,9.75,21.32,7.45,-0.93,4.2,9.46,9.87,20.49,10.95,21.9
84,20032,70.0,11.62,35.65,212.65,35.0,5.3,2.64,2.21,3.0,98.9,33.49,4.17,156.68,14.71,9.45,286.22,70.0,71.2,32.31,3.53,0.89,282.58,37.77,100.0,5.39,42.0,71.5,23.86,58.92,20.65,12.58,19.62,5.24,67.79,5.7,12.9,337.65,8.83,337.65,0.61,3.53,0.26,20.41,20.05,56.02,18.45,70.46,5.79,11220.0,52.13,1.24,212.65,9.0,2.44,0.15,68.42,87.91,16.86,14.22,12.95,4.17,0.67,4.18,4.37,13.76,23.62,6.46
85,48032,28.57,2.62,74.72,104.25,37.8,2.76,2.93,0.41,3.0,96.44,4.84,-1.66,183.99,10.24,6.37,194.27,28.57,96.84,22.44,2.76,1.38,330.76,35.8,92.93,5.61,33.27,71.8,15.19,60.14,20.24,15.9,16.32,6.12,67.78,5.67,13.55,322.1,8.27,322.1,0.62,12.82,4.83,43.21,17.23,54.51,19.76,92.57,3.21,7227.0,57.35,0.83,104.25,4.15,2.0,2.85,70.46,109.9,2.55,2.62,9.53,-1.66,1.18,18.21,-0.08,10.0,13.28,3.0
86,1023,100.0,2.72,0.0,482.29,39.1,0.0,12.89,0.0,2.0,99.73,67.23,5.43,217.82,5.42,0.0,21.09,100.0,100.0,84.52,0.0,0.0,655.12,18.1,0.0,0.0,66.99,66.8,19.02,74.06,24.39,13.33,55.56,51.76,31.11,8.13,14.09,-110.09,27.25,-110.09,0.74,0.0,0.0,0.0,9.42,36.17,9.73,100.0,6.23,369.0,45.19,2.72,482.29,0.0,1.19,76.74,3.77,106.21,7.18,40.87,5.43,5.43,12.13,39.65,3.65,11.01,18.25,20.0
87,48902,80.77,15.98,0.0,146.66,39.9,0.0,2.32,0.0,3.0,98.08,11.06,3.21,182.78,12.12,8.57,1386.0,80.77,73.23,27.0,2.88,1.24,442.22,58.51,71.48,2.76,36.16,69.1,44.61,50.43,17.03,19.45,9.12,0.78,71.43,7.09,12.74,147.75,7.0,147.75,0.63,1.23,2.18,110.08,16.3,52.45,15.53,86.66,6.48,24262.0,78.07,1.19,146.66,4.16,9.37,5.77,19.6,76.94,6.41,4.32,11.74,3.21,1.78,4.69,4.55,9.48,17.04,5.02
88,48033,50.0,19.38,0.0,232.56,68.6,38.76,0.0,11.63,2.0,98.9,0.0,0.0,190.8,3.88,0.0,24.11,50.0,97.73,100.0,0.0,0.0,220.92,78.27,0.0,0.0,41.51,63.2,27.13,64.33,27.13,18.75,12.5,27.27,68.75,15.5,9.3,-176.36,0.0,-176.36,0.86,46.51,0.0,0.0,17.01,57.26,31.54,100.0,5.04,258.0,82.2,7.75,232.56,3.88,0.58,0.28,78.88,190.95,3.23,7.75,7.75,0.0,14.92,19.94,-0.39,9.09,51.56,86.96
89,48034,73.33,3.39,0.0,83.17,36.0,0.0,1.8,0.0,3.0,96.44,11.42,0.86,112.97,14.46,9.05,2621.0,73.33,56.44,40.07,3.09,0.62,291.98,49.65,38.52,3.1,50.7,70.7,23.3,52.02,17.94,19.66,9.03,0.2,71.3,6.34,12.31,68.02,7.41,68.02,0.52,5.31,0.0,44.09,14.71,44.84,12.25,94.08,4.52,16252.0,65.14,1.3,83.17,-0.68,7.06,0.48,63.23,70.85,19.63,5.31,8.51,0.86,0.1,9.01,-5.84,5.99,5.02,4.95
90,20067,70.83,9.0,32.19,126.19,39.9,0.26,1.88,2.43,3.0,99.73,0.0,1.85,159.28,13.16,8.31,1215.0,70.83,65.49,52.17,3.59,0.52,402.05,73.83,98.43,3.68,48.6,70.4,37.13,55.06,18.78,25.07,5.65,1.19,69.27,5.7,13.38,40.2,5.38,40.2,0.54,1.82,0.0,33.78,18.63,54.15,14.3,74.01,4.41,38767.0,78.22,1.9,126.19,5.21,5.56,0.47,68.46,74.02,30.55,13.89,10.26,1.85,1.66,11.42,-1.08,7.55,16.22,8.76
91,20066,50.0,16.08,0.0,58.44,41.1,16.23,8.23,0.0,1.0,85.2,0.0,0.0,132.47,3.18,1.59,19.5,50.0,99.32,32.58,0.0,0.0,317.35,58.55,0.0,8.7,28.8,63.1,33.76,57.0,15.92,20.83,12.5,47.5,66.67,12.74,15.92,145.08,0.0,145.08,0.86,69.81,0.0,0.0,7.41,35.0,11.11,100.0,5.1,628.0,77.78,1.62,58.44,6.37,0.19,0.5,60.19,169.03,3.23,3.25,9.65,0.0,11.54,19.79,-0.48,33.87,17.14,9.71
92,1046,100.0,71.72,0.0,160.0,50.6,0.0,0.0,0.0,3.0,98.08,0.0,6.77,187.3,0.0,1.37,6.08,100.0,100.0,70.83,0.0,13.74,295.66,10.59,83.33,9.09,77.18,66.7,29.77,55.56,20.74,18.18,12.73,37.08,69.09,15.11,11.81,72.15,13.33,72.15,0.98,102.67,0.0,163.27,19.97,55.6,18.97,97.78,6.18,728.0,84.13,1.33,160.0,8.24,0.85,32.05,50.04,153.49,0.98,13.33,12.18,6.77,3.96,19.96,41.36,13.72,34.51,20.62
93,48079,40.0,7.68,0.0,37.81,77.5,0.0,0.0,0.0,3.0,98.9,0.0,-3.84,218.73,1.95,1.95,31.28,40.0,99.35,79.71,0.0,0.0,234.43,54.05,0.0,0.0,54.47,62.6,40.31,56.88,24.56,20.0,13.33,21.95,66.67,7.8,9.16,39.76,0.0,39.76,0.77,66.16,0.0,0.0,15.34,55.21,22.29,100.0,4.68,513.0,89.2,0.0,37.81,-9.75,0.8,0.12,68.17,135.01,61.07,151.23,9.6,-3.84,13.18,15.88,11.04,3.37,55.56,72.73
94,20034,83.33,8.87,0.0,171.64,32.0,0.0,4.18,8.63,3.0,96.44,8.41,4.43,186.97,7.14,2.71,100.57,83.33,88.96,20.74,2.47,2.46,293.34,40.65,100.0,6.61,61.93,76.1,22.17,52.4,16.93,21.79,17.14,11.07,61.07,5.91,14.25,162.35,7.4,162.35,0.67,48.83,0.0,45.65,20.09,56.23,16.91,75.6,4.13,4063.0,66.21,0.49,171.64,2.22,0.83,0.67,66.93,88.09,4.79,3.95,10.59,4.43,8.84,5.89,3.81,12.65,8.62,8.5
95,48029,50.0,12.95,0.0,73.45,23.4,2.07,3.43,0.1,3.0,98.08,0.0,10.19,183.54,8.51,4.91,2779.0,50.0,62.3,31.47,3.1,1.09,290.6,56.76,0.0,3.4,20.89,79.4,27.71,43.3,11.11,23.06,7.38,0.14,69.57,5.78,15.58,225.88,9.31,225.88,0.66,0.0,0.0,0.0,17.05,57.78,20.24,93.15,2.57,9171.0,87.32,1.45,73.45,1.85,41.88,1.82,42.42,80.45,18.09,25.86,15.39,10.19,0.15,4.54,39.02,7.31,11.01,8.93
96,48030,75.0,6.05,0.0,152.25,39.6,12.18,12.28,42.63,3.0,98.9,0.0,2.42,168.57,3.61,0.0,45.91,75.0,98.21,9.3,12.18,0.0,361.22,65.65,0.0,9.09,40.0,66.5,26.63,60.42,18.41,24.19,25.81,29.11,50.0,7.22,14.32,401.19,0.0,401.19,0.8,38.98,0.0,0.0,15.75,63.42,15.62,98.73,7.1,831.0,64.15,1.22,152.25,3.61,1.54,0.11,71.82,111.71,89.93,304.51,13.32,2.42,8.1,23.53,3.36,29.75,17.1,17.24
97,48906,100.0,5.92,0.0,192.69,46.5,0.0,3.49,9.88,3.0,98.9,0.0,-2.96,196.72,2.95,0.98,127.0,100.0,99.08,39.92,9.88,0.0,311.2,32.04,88.64,0.0,47.81,69.4,28.6,56.07,19.78,19.35,9.68,15.0,70.97,5.91,11.91,-7.0,0.0,-7.0,0.67,0.0,0.0,224.49,15.9,60.04,22.13,96.05,6.1,1016.0,88.31,0.0,192.69,2.95,1.25,0.75,52.88,132.37,8.0,7.91,13.81,-2.96,10.86,15.82,3.04,15.31,23.85,39.06
98,48035,50.0,13.73,0.0,220.0,40.0,0.0,7.77,0.0,2.0,98.9,0.0,4.58,183.42,2.36,0.0,75.54,50.0,100.0,100.0,0.0,0.0,239.02,50.46,0.0,0.0,54.47,68.4,38.9,56.67,19.86,6.25,12.5,12.0,81.25,7.09,13.95,188.92,0.0,188.92,0.83,0.0,0.0,0.0,13.3,61.13,27.37,100.0,2.6,423.0,88.75,0.0,220.0,16.55,0.98,0.54,42.86,113.99,145.45,177.78,16.02,4.58,9.46,17.72,28.96,3.53,28.12,39.47
99,20038,50.0,6.21,0.0,154.47,52.3,0.0,14.24,0.0,3.0,96.71,0.0,-4.14,162.58,0.0,0.0,31.81,50.0,100.0,36.99,0.0,0.0,350.22,32.3,0.0,11.11,33.33,65.4,26.92,75.56,19.83,15.38,23.08,38.98,61.54,12.66,16.88,314.28,0.0,314.28,0.97,0.0,0.0,0.0,13.67,57.63,20.27,100.0,5.91,474.0,77.83,0.0,154.47,0.0,1.13,1.21,66.38,174.0,4.73,16.26,2.07,-4.14,6.6,6.64,9.22,23.3,33.33,12.35
100,20037,20.0,0.0,0.0,179.69,32.0,0.0,0.0,0.0,3.0,96.71,0.0,15.38,156.88,0.0,0.0,22.0,20.0,100.0,100.0,0.0,0.0,194.96,50.22,0.0,20.0,48.8,68.7,15.38,60.98,21.21,30.0,0.0,46.67,70.0,15.15,12.88,158.91,0.0,158.91,0.8,0.0,0.0,0.0,16.07,50.89,16.96,100.0,1.52,132.0,91.84,7.81,179.69,0.0,0.2,0.5,67.0,140.8,25.0,23.44,23.08,15.38,6.49,15.77,-0.75,31.25,17.28,105.26
101,48036,58.21,7.59,13.69,137.9,33.9,0.34,2.57,2.6,3.0,98.08,0.0,1.4,183.64,13.38,9.79,921.96,58.21,69.72,36.3,3.76,1.71,243.8,44.63,89.91,3.34,2.33,71.0,40.29,49.5,15.82,16.63,7.65,1.22,75.71,5.68,12.82,806.92,9.57,806.92,0.63,1.64,0.0,45.64,15.89,58.93,21.47,88.83,2.75,29226.0,72.85,1.2,137.9,0.92,9.83,1.01,58.52,85.5,17.07,18.19,8.99,1.4,0.22,2.31,-0.65,9.62,10.98,6.15
102,48037,40.0,20.29,0.0,577.57,67.1,0.0,10.02,47.73,2.0,100.0,0.0,-8.35,326.61,1.19,0.0,18.81,40.0,99.25,28.41,11.93,0.0,402.93,35.88,100.0,0.0,47.61,61.1,40.57,52.74,21.74,16.13,16.13,34.15,67.74,10.75,9.56,4.59,0.0,4.59,0.89,0.0,21.48,0.0,25.45,60.98,18.99,100.0,1.55,837.0,80.94,0.0,577.57,-2.39,0.42,0.11,60.2,100.69,1.6,3.58,5.97,-8.35,7.7,16.73,7.03,9.13,51.64,61.73
103,48038,25.0,6.8,0.0,138.66,43.1,0.0,2.62,13.56,3.0,98.9,0.0,-0.76,183.81,1.52,0.76,85.03,25.0,99.36,69.23,7.54,0.0,282.38,36.88,94.44,0.0,14.13,68.8,21.92,56.72,17.83,15.28,15.28,27.47,69.44,9.1,13.96,111.09,0.0,111.09,0.79,28.64,0.0,150.63,15.07,62.87,27.12,100.0,2.81,1318.0,87.09,0.0,138.66,5.31,2.39,0.45,42.13,137.88,3.51,9.8,6.8,-0.76,8.11,16.89,21.47,13.51,20.11,11.36
104,48039,66.67,6.23,0.0,547.99,51.1,0.0,0.0,0.0,1.0,96.44,0.0,6.23,173.94,0.0,0.0,44.79,66.67,100.0,100.0,0.0,0.0,111.47,14.65,0.0,0.0,43.85,64.6,37.38,52.15,16.67,15.38,0.0,31.58,84.62,6.29,15.09,614.22,0.0,614.22,0.78,0.0,0.0,0.0,17.96,61.97,25.0,100.0,2.52,318.0,84.38,0.0,547.99,6.29,0.35,0.14,72.39,153.23,88.0,68.11,6.23,6.23,3.79,15.13,32.5,22.22,33.59,39.22
105,48040,55.56,14.06,0.0,175.16,28.2,0.0,2.53,13.38,3.0,98.9,0.0,6.39,182.65,2.57,0.0,90.64,55.56,99.4,43.66,6.37,0.0,248.23,34.44,100.0,4.41,54.47,73.2,43.45,52.39,14.69,13.95,28.68,13.48,57.36,6.41,16.61,24.3,0.0,24.3,0.82,6.37,0.0,114.89,16.69,72.93,26.42,100.0,2.25,1559.0,86.27,0.0,175.16,5.77,0.6,3.43,38.43,112.9,39.42,26.11,12.78,6.39,5.6,12.83,28.21,13.44,13.47,7.66
106,48041,80.0,28.67,0.0,413.12,42.3,0.0,0.0,0.0,3.0,98.9,0.0,-8.03,136.68,1.14,0.0,64.34,80.0,99.68,80.15,11.51,0.0,251.63,36.77,0.0,11.76,68.62,68.0,44.72,53.78,18.74,24.64,5.8,4.23,69.57,11.43,12.46,142.63,0.0,142.63,0.84,75.95,0.0,0.0,15.8,72.05,34.26,100.0,3.66,875.0,85.6,0.0,413.12,-1.14,5.39,0.37,60.29,153.87,4.09,34.52,2.29,-8.03,11.92,16.94,7.89,5.89,22.12,18.52
107,20907,100.0,0.0,0.0,180.72,41.3,180.72,0.0,0.0,1.0,96.71,0.0,12.35,188.59,0.0,0.0,17.75,100.0,100.0,100.0,0.0,0.0,297.46,97.1,0.0,0.0,52.75,61.1,12.35,46.3,15.82,41.67,0.0,45.45,58.33,18.99,13.92,66.57,0.0,66.57,0.52,0.0,0.0,0.0,14.97,39.46,12.93,100.0,0.0,158.0,89.04,6.02,180.72,0.0,0.21,0.11,74.04,109.83,5.26,6.02,12.35,12.35,6.56,8.34,6.04,11.76,13.89,40.0
108,48046,80.0,3.38,21.12,92.05,37.8,1.84,1.83,0.37,3.0,98.9,11.48,1.6,171.97,19.08,14.71,1913.0,80.0,75.81,50.46,4.3,3.08,337.09,36.87,99.25,5.14,32.67,73.8,50.46,60.4,20.21,18.64,6.98,1.75,74.38,7.33,13.09,52.65,9.82,52.65,0.6,8.78,0.0,39.45,12.75,58.77,25.94,77.79,8.34,16244.0,61.89,0.98,92.05,7.94,17.15,2.83,44.88,91.04,14.56,13.01,10.94,1.6,8.86,13.88,4.86,12.67,19.04,4.55
109,20039,71.43,19.23,0.0,211.96,40.2,11.21,4.35,0.0,3.0,98.9,0.0,1.89,156.73,11.04,4.95,247.92,71.43,87.38,53.78,3.74,7.61,264.5,35.9,0.0,5.71,14.7,60.4,59.95,58.12,16.93,11.33,19.92,19.3,68.75,14.84,15.83,183.61,11.21,183.61,0.61,99.44,0.0,0.0,15.4,54.95,20.6,98.65,6.54,2628.0,59.38,0.75,211.96,11.42,4.6,12.92,25.94,97.98,34.02,62.06,9.8,1.89,1.13,19.17,8.15,17.57,20.3,9.43
110,48044,40.0,11.21,28.13,82.45,36.7,0.25,1.29,1.86,3.0,98.08,0.43,0.0,183.57,13.36,9.45,6787.0,40.0,61.47,57.17,3.24,0.5,338.75,73.92,85.97,3.16,47.08,74.5,30.09,54.08,17.53,10.11,2.76,0.39,87.13,5.09,12.77,92.83,8.97,92.83,0.59,3.65,0.61,31.22,11.14,80.35,43.71,83.64,5.67,80770.0,75.77,1.48,82.45,4.98,37.39,1.68,6.3,106.05,11.91,6.6,8.15,0.0,10.02,8.3,-3.22,7.57,11.78,3.5
111,48047,75.0,20.1,0.0,159.2,25.8,0.0,0.0,149.25,3.0,98.9,0.0,5.03,182.02,0.0,0.0,31.11,75.0,100.0,20.0,0.0,0.0,760.04,173.33,0.0,0.0,42.0,66.1,15.08,61.98,18.88,9.76,58.54,2.33,31.71,20.41,14.8,325.87,0.0,325.87,0.97,64.68,0.0,0.0,19.66,62.36,22.47,95.0,4.08,196.0,81.4,0.0,159.2,5.1,2.71,0.0,74.44,114.17,2.34,19.9,5.03,5.03,18.3,29.67,40.0,26.56,14.44,33.33
112,48042,42.86,7.47,0.0,706.9,46.3,11.49,3.04,0.0,3.0,100.0,0.0,1.15,184.65,7.47,3.45,42.46,42.86,99.05,62.79,5.75,0.0,313.8,65.14,90.7,2.27,39.09,65.3,29.29,61.8,22.06,9.77,9.02,14.91,81.2,5.17,12.64,444.63,5.75,444.63,0.8,25.86,11.49,60.21,16.56,59.54,23.51,100.0,3.79,1741.0,79.34,0.0,706.9,0.0,0.59,0.93,82.83,120.94,291.67,402.3,9.76,1.15,12.64,15.58,20.48,24.72,29.52,25.97
113,48043,75.0,3.12,0.0,417.95,34.8,0.0,3.65,2.73,3.0,98.9,2.25,2.93,183.18,7.78,5.56,529.41,75.0,93.56,59.69,1.82,0.0,264.37,27.71,0.0,1.55,59.86,75.3,27.15,52.76,14.35,22.16,1.17,2.35,76.68,6.48,16.07,76.7,9.09,76.7,0.63,74.14,0.0,0.0,15.21,75.06,36.15,100.0,5.11,5400.0,82.73,1.27,417.95,6.3,9.69,0.98,24.8,91.18,29.25,52.52,9.17,2.93,11.95,15.57,36.02,16.99,7.06,4.43
114,48045,26.32,6.71,0.0,865.13,41.7,6.18,3.42,26.26,3.0,100.0,3.85,2.81,183.53,9.92,6.14,154.1,26.32,89.87,45.85,4.63,1.58,316.41,38.66,88.46,4.85,39.09,66.6,31.2,57.35,19.09,18.88,6.87,6.02,74.25,6.62,13.77,209.58,9.27,209.58,0.61,3.86,0.0,21.59,17.93,54.44,16.79,92.57,5.43,6349.0,78.8,0.46,865.13,9.61,2.29,0.53,64.85,81.83,2.96,4.33,12.17,2.81,8.24,10.85,8.36,15.79,22.73,8.65
115,1056,100.0,16.61,0.0,229.73,47.3,0.0,0.0,0.0,3.0,98.08,0.0,-19.93,575.66,3.28,0.0,7.8,100.0,100.0,79.25,0.0,0.0,796.25,49.02,0.0,0.0,76.61,66.5,19.93,75.29,35.08,37.04,11.11,48.78,51.85,6.56,5.25,-165.66,33.78,-165.66,1.02,54.05,0.0,0.0,12.32,31.34,7.39,100.0,2.95,305.0,65.74,0.0,229.73,0.0,0.57,29.51,56.11,117.69,6.79,50.68,3.32,-19.93,12.14,31.49,-13.6,13.59,26.86,58.82
116,20040,71.43,12.13,0.0,203.84,35.2,1.56,2.12,1.4,3.0,99.73,47.92,2.75,186.48,12.23,7.57,477.45,71.43,83.96,36.25,3.63,1.04,406.99,89.75,84.87,4.26,19.0,70.2,29.55,57.11,17.23,21.86,12.7,2.04,65.43,5.5,15.02,252.25,6.74,252.25,0.62,4.61,0.0,34.82,18.3,58.64,18.87,77.65,4.57,19289.0,69.57,1.09,203.84,2.23,6.82,1.63,65.17,82.35,10.89,15.56,10.11,2.75,7.3,12.27,3.25,11.15,14.82,9.59
117,20041,66.67,0.0,0.0,94.83,35.8,0.0,0.0,0.0,3.0,96.71,0.0,-2.88,180.19,0.0,0.0,82.38,66.67,98.51,100.0,0.0,0.0,179.15,23.35,0.0,0.0,52.75,71.1,23.05,56.56,15.03,42.86,0.0,20.0,57.14,8.67,16.18,234.14,0.0,234.14,0.84,0.0,0.0,0.0,13.16,49.67,19.41,100.0,2.31,346.0,86.98,2.87,94.83,11.56,0.33,0.0,47.38,133.19,14.29,5.75,2.88,-2.88,4.5,6.66,20.56,13.64,21.68,18.87
118,20036,25.0,8.02,0.0,171.89,38.9,0.61,2.52,3.64,3.0,99.73,14.81,2.37,188.52,9.24,5.95,571.46,25.0,92.31,54.88,3.64,3.04,241.23,33.99,95.28,2.75,42.0,72.9,25.58,55.56,16.28,16.23,3.74,5.75,80.03,8.38,15.15,72.72,4.86,72.72,0.65,73.74,4.31,20.11,15.14,67.22,27.81,89.78,5.55,16458.0,72.04,1.28,171.89,4.25,12.61,2.5,35.07,96.57,5.18,11.42,9.6,2.37,1.34,3.2,12.16,4.97,18.01,5.13
119,20042,57.14,3.0,0.0,237.05,39.0,4.6,4.99,0.0,2.0,96.71,0.0,3.46,156.14,9.46,3.92,867.0,57.14,86.57,36.85,4.6,0.0,298.64,52.48,0.0,3.92,17.16,71.1,22.12,52.59,16.29,18.73,17.78,5.3,63.49,3.92,14.03,244.11,4.6,244.11,0.65,0.0,0.0,12.38,18.06,52.29,17.49,98.96,4.54,4335.0,85.28,0.23,237.05,7.15,3.0,1.8,44.6,84.83,16.0,5.52,10.83,3.46,1.41,1.67,0.02,12.66,13.86,17.43
120,48048,66.67,24.39,0.0,192.18,37.3,32.57,9.75,0.0,3.0,98.9,0.0,-1.63,199.28,3.25,0.0,39.49,66.67,100.0,100.0,16.29,0.0,239.6,32.59,0.0,0.0,50.66,65.1,222.76,62.96,26.46,15.79,2.63,9.76,81.58,24.35,9.58,526.35,16.29,526.35,0.68,159.61,0.0,0.0,13.31,67.78,38.7,98.18,2.44,616.0,84.36,0.0,192.18,3.25,1.57,0.0,60.51,116.46,4.49,17.92,9.76,-1.63,16.52,21.54,19.61,1.97,16.92,48.39
121,20043,70.0,56.56,0.0,247.68,43.0,4.42,5.29,2.21,3.0,96.71,0.0,3.09,159.62,8.83,4.86,76.75,70.0,97.67,20.73,4.42,4.42,225.84,44.33,0.0,5.81,36.2,66.4,22.98,59.66,19.08,14.21,19.8,11.92,65.99,3.53,14.36,781.19,8.85,781.19,0.83,23.44,0.0,0.0,18.01,56.74,18.76,98.86,6.32,2264.0,73.28,0.44,247.68,12.37,1.06,0.17,65.63,107.03,13.42,18.58,13.7,3.09,1.85,10.0,10.98,17.55,28.19,8.65
122,48094,71.43,3.77,0.0,190.14,37.2,2.36,3.07,2.12,3.0,96.44,0.0,2.12,181.1,15.1,9.44,244.97,71.43,90.24,20.56,2.36,2.36,261.18,41.31,0.0,3.85,41.79,74.9,31.61,48.49,15.46,17.27,12.95,7.12,69.78,7.08,11.89,452.03,14.15,452.03,0.69,17.46,0.0,0.0,19.04,57.57,19.2,93.96,7.06,4238.0,66.78,0.47,190.14,8.26,3.08,1.85,68.5,93.47,15.98,20.05,12.03,2.12,0.8,6.9,7.62,23.57,13.68,11.24
123,20044,33.33,38.46,0.0,300.0,38.1,42.55,16.82,40.43,3.0,96.71,0.0,4.27,155.41,0.0,4.3,232.5,33.33,97.18,49.78,0.0,0.0,748.15,36.37,100.0,13.33,52.75,65.3,47.01,56.57,15.48,14.0,32.0,9.09,54.0,4.3,16.34,166.26,0.0,166.26,0.62,0.0,59.57,0.0,19.66,61.87,14.87,100.0,4.09,465.0,85.56,2.13,300.0,0.0,4.35,1.0,47.0,103.26,11.49,21.28,4.27,4.27,0.7,6.43,21.73,27.17,16.83,27.78
124,20045,16.13,5.84,46.12,139.49,36.1,1.97,0.92,3.1,3.0,99.73,18.03,1.31,186.61,18.52,12.91,1424.0,16.13,74.97,50.2,3.94,2.63,318.36,42.77,98.26,2.94,42.0,72.1,45.75,55.23,17.41,19.91,6.07,0.9,74.02,6.43,14.05,276.25,6.07,276.25,0.65,14.54,0.33,35.4,17.5,60.52,19.69,57.12,7.87,60951.0,48.06,1.49,139.49,7.1,10.65,1.1,49.63,83.61,2.26,1.69,10.52,1.31,1.57,1.82,9.83,10.76,17.3,6.06
125,20046,42.86,43.98,0.0,234.62,23.2,0.0,3.3,0.0,2.0,96.71,0.0,20.7,155.56,5.28,5.94,505.0,42.86,78.41,34.6,0.0,6.6,221.55,31.61,0.0,3.7,52.75,77.1,45.92,46.66,8.18,14.45,24.86,0.0,60.69,5.94,20.53,71.62,0.0,71.62,0.79,0.0,0.0,0.0,23.69,67.81,21.79,100.0,5.68,1515.0,85.96,0.0,234.62,0.66,10.8,1.67,61.33,94.03,0.31,0.63,24.58,20.7,0.05,4.88,103.08,15.63,7.49,9.04
126,1027,31.82,53.78,0.0,542.07,49.2,0.0,0.0,88.06,2.0,99.73,0.0,-1.99,99.34,2.03,2.03,10.47,31.82,100.0,79.71,0.0,0.0,234.5,17.13,0.0,0.0,47.43,64.7,17.93,50.76,16.84,33.33,16.67,64.91,50.0,6.09,14.0,183.56,0.0,183.56,1.0,0.0,0.0,0.0,20.92,54.03,14.81,100.0,2.43,493.0,84.17,0.0,542.07,20.28,1.41,55.5,35.71,153.9,1.36,17.61,7.97,-1.99,5.02,18.51,18.51,25.0,35.69,131.58
127,1901,50.0,18.09,0.0,103.94,37.5,0.0,3.2,0.0,3.0,99.73,0.0,11.95,275.17,4.5,3.12,54.27,50.0,97.73,24.44,3.36,3.46,431.76,24.07,100.0,4.41,7.04,79.6,40.27,45.59,10.46,22.55,13.19,7.02,64.26,5.54,17.04,976.54,6.73,976.54,1.03,2.69,0.0,120.13,17.78,57.36,16.31,91.21,5.85,2887.0,78.74,0.34,103.94,10.39,4.96,28.29,52.74,114.08,0.76,6.73,16.38,11.95,2.53,11.93,72.46,11.8,19.87,9.4
128,48049,25.0,22.56,0.0,187.13,36.8,0.0,0.0,46.41,3.0,98.9,0.0,-6.02,183.55,4.53,1.51,29.29,25.0,100.0,43.14,0.0,0.0,235.93,67.23,0.0,8.0,42.0,69.2,33.08,60.68,24.17,7.69,20.51,30.77,71.79,12.08,11.18,325.82,0.0,325.82,0.81,58.38,0.0,0.0,13.81,51.58,23.13,100.0,1.06,662.0,86.9,0.0,187.13,6.04,0.23,0.84,78.5,134.81,5.77,4.49,13.53,-6.02,19.82,25.61,6.77,22.54,15.51,23.53
129,20047,50.0,36.64,0.0,234.49,43.7,0.0,10.32,7.56,3.0,96.71,0.0,16.79,126.49,3.08,3.08,72.92,50.0,97.94,19.71,15.13,30.82,243.42,38.17,0.0,6.9,23.9,62.0,67.18,59.46,18.95,18.18,22.73,5.56,59.09,4.62,14.95,-83.19,0.0,-83.19,0.78,68.08,0.0,0.0,17.16,52.36,17.16,97.92,6.01,649.0,86.97,1.51,234.49,18.49,1.36,0.11,78.76,94.81,21.49,39.33,25.95,16.79,0.72,10.0,6.57,19.64,35.63,17.24
130,48910,100.0,14.9,0.0,238.98,42.7,2.62,5.76,13.12,3.0,96.44,0.0,2.09,182.06,9.9,10.42,201.95,100.0,89.62,20.63,2.62,7.82,209.01,44.92,0.0,4.04,47.06,66.6,54.64,52.02,19.94,13.27,25.06,5.44,61.67,6.25,11.02,427.15,2.62,427.15,0.84,0.0,0.0,0.0,15.95,50.33,15.09,89.8,7.48,3837.0,80.79,1.31,238.98,13.03,2.89,1.21,57.42,84.11,9.09,13.12,9.15,2.09,0.49,10.99,-11.37,10.98,16.71,4.58
131,48050,100.0,3.79,0.0,355.56,47.9,0.0,33.13,0.0,3.0,96.44,0.0,-18.94,186.48,3.88,7.75,60.0,100.0,98.57,16.03,0.0,38.76,200.57,63.83,0.0,0.0,77.34,63.2,49.24,47.43,20.54,12.24,36.73,14.0,51.02,11.63,6.98,-95.21,0.0,-95.21,1.0,0.0,0.0,0.0,21.51,62.55,20.32,100.0,5.81,258.0,78.33,3.7,355.56,58.14,3.05,1.16,64.88,121.31,19.08,92.59,3.79,-18.94,2.18,11.79,-5.15,5.94,45.38,68.97
132,48022,83.33,8.93,0.0,96.91,60.3,0.0,1.52,0.0,2.0,100.0,0.0,-8.58,456.62,11.74,6.05,20.41,83.33,99.86,59.81,3.59,0.0,350.88,34.92,89.66,4.08,27.84,65.3,37.53,60.85,24.52,17.35,6.39,50.62,76.26,11.03,9.54,10.02,10.77,10.02,0.83,66.04,0.0,84.3,13.76,44.73,12.15,93.69,1.99,2810.0,50.93,0.72,96.91,6.05,0.17,0.15,37.43,109.05,16.81,14.36,5.72,-8.58,11.6,34.88,-7.47,26.67,41.92,7.87
133,48907,50.0,31.25,0.0,95.47,59.9,0.0,0.0,0.0,3.0,98.9,0.0,-2.4,196.04,0.0,0.0,34.33,50.0,99.38,44.44,0.0,0.0,221.56,39.94,0.0,0.0,70.3,66.6,50.48,58.46,20.39,5.26,5.26,48.89,89.47,9.71,13.11,255.86,0.0,255.86,0.75,23.87,0.0,0.0,18.68,61.05,24.21,96.67,1.46,412.0,86.26,2.39,95.47,-4.85,0.32,1.42,64.42,136.08,12.82,11.93,7.21,-2.4,11.26,16.28,13.81,18.83,33.18,17.86
134,1019,87.5,0.0,0.0,641.03,37.2,0.0,32.03,0.0,2.0,99.73,0.0,5.13,153.8,0.0,0.0,15.52,87.5,98.68,100.0,0.0,0.0,333.11,37.13,0.0,0.0,10.68,64.2,5.13,74.77,22.68,20.0,20.0,71.88,60.0,0.0,18.04,712.28,51.28,712.28,0.69,0.0,0.0,0.0,16.96,43.27,11.11,81.82,1.03,194.0,68.06,5.13,641.03,-5.15,1.18,60.08,23.04,104.83,13.51,102.56,10.26,5.13,13.16,39.94,2.11,16.52,12.4,28.57
135,1020,100.0,73.03,0.0,523.94,51.1,28.17,9.36,0.0,0.0,99.73,0.0,-2.81,307.65,0.0,2.8,4.23,100.0,100.0,100.0,0.0,0.0,499.71,19.66,0.0,0.0,76.79,64.5,36.52,52.56,23.53,5.0,5.0,44.44,90.0,16.81,8.12,-722.56,0.0,-722.56,1.1,22.54,0.0,0.0,18.6,53.2,14.53,100.0,1.12,357.0,85.21,0.0,523.94,8.4,0.84,17.88,53.78,144.5,1.42,28.17,8.43,-2.81,7.88,22.97,-4.03,5.98,32.98,107.14
136,1028,50.0,6.07,0.0,501.7,44.5,0.0,6.99,0.0,2.0,98.08,0.0,16.86,333.59,12.05,4.69,39.11,50.0,83.98,51.98,6.8,6.69,400.56,11.49,0.0,3.85,57.56,63.9,39.78,55.95,15.66,22.78,18.35,26.34,58.86,16.06,15.06,13.51,6.8,13.51,0.77,75.46,0.0,0.0,16.18,52.06,14.73,96.36,8.37,1494.0,58.27,0.0,501.7,-22.09,2.12,38.51,25.99,107.64,19.98,110.13,21.58,16.86,2.44,28.75,25.02,2.85,17.72,12.88
137,1030,53.33,10.99,0.0,1252.0,39.4,0.0,0.0,0.0,3.0,98.08,0.0,-21.98,692.96,5.38,0.0,4.08,53.33,99.22,100.0,0.0,0.0,312.34,17.24,0.0,0.0,84.23,67.5,49.45,73.83,36.02,18.18,9.09,40.74,72.73,5.38,3.23,277.23,0.0,277.23,0.88,0.0,0.0,0.0,13.56,39.55,12.43,100.0,1.08,186.0,69.86,5.62,1252.0,-5.38,0.56,16.1,70.22,99.03,1.18,16.85,0.0,-21.98,21.44,30.23,-5.58,1.73,18.64,333.33
138,1032,100.0,5.82,0.0,362.07,34.1,0.0,4.73,0.0,2.0,99.73,0.0,-1.46,347.78,10.34,2.95,27.98,100.0,99.64,59.06,14.37,0.0,689.23,8.31,0.0,9.52,33.72,63.6,33.48,65.53,23.93,18.09,46.81,41.1,35.11,5.91,11.52,84.17,14.37,84.17,0.72,27.3,0.0,0.0,13.22,44.17,12.44,91.49,8.27,677.0,50.62,2.87,362.07,35.45,1.06,61.32,4.34,97.55,11.72,43.1,8.73,-1.46,9.63,43.16,5.45,10.52,12.59,12.5
139,48051,75.0,14.29,0.0,720.59,54.5,0.0,0.0,0.0,1.0,100.0,0.0,-7.14,189.36,3.48,3.48,239.17,75.0,99.3,100.0,0.0,0.0,245.01,30.39,100.0,0.0,27.84,62.9,7.14,62.15,26.83,35.0,5.0,34.38,60.0,13.94,8.71,414.28,36.76,414.28,0.8,0.0,91.91,0.0,11.79,41.06,13.31,100.0,4.88,287.0,60.22,0.0,720.59,-17.42,12.42,0.0,35.83,110.03,1.34,7.35,3.57,-7.14,0.0,43.73,-1.37,9.79,35.0,45.45
140,1902,100.0,34.02,0.0,12.54,66.4,0.0,4.84,0.0,2.0,98.08,0.0,-10.31,159.01,1.02,2.04,15.89,100.0,100.0,15.27,0.0,10.18,293.27,10.65,0.0,0.0,53.72,63.9,32.99,59.16,22.1,7.5,32.5,31.78,60.0,10.18,11.71,300.1,0.0,300.1,0.85,64.79,0.0,0.0,21.83,52.83,14.82,90.38,5.09,982.0,69.81,1.04,12.54,2.04,3.22,59.32,30.73,104.83,2.46,51.2,4.12,-10.31,6.6,28.33,6.28,29.37,48.76,103.45
141,1033,0.0,2.29,0.0,420.32,65.4,0.0,0.0,0.0,3.0,99.73,0.0,-5.73,281.74,10.26,3.42,146.17,0.0,98.44,47.66,11.55,0.0,522.21,7.98,0.0,10.0,48.35,63.1,41.28,63.93,22.69,13.33,53.33,43.98,33.33,6.84,12.54,28.68,23.09,28.68,0.75,15.01,0.0,0.0,10.6,43.77,14.09,72.22,7.3,877.0,46.99,1.15,420.32,3.42,7.4,59.33,4.0,105.16,1.13,5.77,3.44,-5.73,13.09,40.9,0.57,11.64,42.93,9.26
142,48052,75.0,10.02,0.0,287.95,39.8,0.0,4.74,0.0,3.0,98.08,0.0,-1.58,185.81,7.47,1.6,87.16,75.0,97.69,40.06,5.22,0.0,277.45,40.82,0.0,5.88,41.29,72.9,44.83,61.0,18.73,15.76,12.73,9.82,71.52,8.0,15.64,88.34,10.43,88.34,0.73,6.26,0.0,0.0,13.55,64.94,31.02,100.0,3.2,1874.0,84.4,0.0,287.95,3.74,0.75,0.0,64.05,108.33,16.67,14.08,11.08,-1.58,1.34,4.03,20.9,24.13,26.53,15.87
143,20048,100.0,0.0,0.0,335.97,35.5,0.0,18.1,0.0,3.0,96.71,0.0,11.95,260.38,0.0,0.0,42.2,100.0,100.0,100.0,0.0,0.0,270.85,49.98,0.0,6.67,45.12,70.4,11.95,69.39,12.85,31.25,6.25,26.47,62.5,4.02,24.9,36.72,0.0,36.72,0.65,0.0,0.0,0.0,15.87,50.0,18.27,100.0,1.2,249.0,86.44,0.0,335.97,8.03,0.64,0.34,55.42,173.11,26.32,39.53,19.92,11.95,5.37,11.93,72.92,24.53,22.22,15.62
144,20902,100.0,13.47,29.81,236.9,33.4,0.0,1.84,2.07,3.0,99.73,3.24,4.55,248.64,11.64,8.15,3013.0,100.0,67.67,53.98,3.36,0.56,319.03,87.18,92.65,3.71,27.5,75.0,22.22,54.13,18.43,21.98,5.31,1.36,72.72,6.75,12.96,-109.27,6.16,-109.27,0.6,9.86,0.17,18.98,17.5,52.81,16.87,88.07,5.55,17782.0,77.43,1.06,236.9,8.38,17.1,1.69,25.08,79.56,29.83,16.86,10.89,4.55,1.01,11.03,0.86,7.67,5.67,10.46
145,1036,45.16,3.87,0.0,170.9,37.2,3.26,1.11,3.26,3.0,100.0,3.67,-1.36,167.36,12.39,8.85,487.07,45.16,77.04,28.4,3.8,0.55,422.59,24.96,88.31,3.83,50.19,72.6,28.09,56.24,20.46,14.88,7.52,3.56,77.6,5.84,11.46,280.09,11.4,280.09,0.59,3.42,0.71,16.72,17.56,55.17,18.34,67.26,3.57,18314.0,55.56,1.57,170.9,4.31,4.28,3.3,69.79,86.92,14.93,13.03,8.38,-1.36,4.26,13.05,-6.71,7.85,12.27,8.7
146,48053,60.0,7.3,0.0,65.83,34.2,0.0,3.52,0.0,3.0,98.9,0.0,10.04,185.11,3.7,1.85,133.58,60.0,100.0,72.22,9.02,0.0,197.18,41.12,0.0,2.94,66.88,70.8,26.46,59.35,16.36,13.79,2.3,13.27,83.91,12.94,17.38,107.13,0.0,107.13,0.94,10.82,0.0,0.0,11.88,75.94,38.17,99.02,5.64,1082.0,85.59,0.0,65.83,1.85,6.96,2.96,37.41,179.16,4.43,22.54,10.95,10.04,6.48,9.32,14.38,4.75,11.03,5.32
147,20049,66.67,4.11,66.87,217.28,36.6,1.87,2.17,3.55,3.0,96.71,0.0,3.36,102.73,9.34,5.23,469.65,66.67,90.72,43.4,3.74,1.87,213.55,26.45,88.89,5.46,32.6,71.0,18.87,59.25,17.05,23.33,14.64,5.64,62.03,4.86,15.84,283.26,7.48,283.26,0.74,8.79,0.0,119.47,18.71,54.84,17.23,94.78,6.61,5354.0,76.76,0.56,217.28,-2.61,7.61,0.26,65.09,89.09,6.34,10.28,14.39,3.36,2.27,10.04,9.87,14.78,17.75,5.77
148,20050,66.67,10.23,0.0,12.66,48.2,0.0,0.0,0.0,1.0,96.71,0.0,7.67,157.89,0.0,0.0,113.53,66.67,98.44,38.12,0.0,0.0,427.21,86.02,0.0,0.0,52.75,60.6,30.69,65.67,20.98,30.56,19.44,17.07,50.0,2.59,15.54,185.35,0.0,185.35,0.91,20.25,0.0,0.0,17.51,43.62,11.57,93.1,3.11,386.0,81.58,2.53,12.66,5.18,1.74,0.0,56.18,99.12,20.34,30.38,23.02,7.67,2.15,3.85,8.43,16.46,42.63,28.99
149,20051,92.0,2.64,36.72,206.7,39.6,1.15,3.31,5.74,3.0,96.7,36.65,2.87,157.09,14.34,8.38,208.49,92.0,71.51,25.53,4.59,1.15,338.35,67.33,94.69,3.92,40.2,76.5,17.9,59.29,20.96,19.72,9.33,3.68,70.95,4.93,12.64,770.38,6.88,770.38,0.63,6.08,0.92,56.21,14.51,53.18,17.6,83.6,3.82,8715.0,57.58,0.8,206.7,3.21,2.81,0.19,81.08,84.72,10.4,13.99,9.64,2.87,9.88,3.31,-3.85,8.64,22.78,12.48
150,20052,22.22,19.4,0.0,265.37,38.5,0.0,5.01,20.05,3.0,96.71,0.0,6.02,219.24,8.7,2.68,173.72,22.22,92.73,29.9,6.68,13.39,316.33,58.79,100.0,7.41,26.2,61.6,54.18,59.79,18.94,21.0,9.0,11.88,70.0,8.7,14.19,133.76,6.68,133.76,0.66,13.37,6.68,0.0,18.91,52.84,17.12,97.52,6.96,1494.0,80.31,0.0,265.37,8.7,3.27,0.35,72.91,95.38,3.56,6.68,16.05,6.02,0.58,7.75,5.06,18.17,17.21,8.93
151,1058,75.0,40.15,0.0,222.63,43.2,0.0,1.92,0.0,3.0,99.73,10.07,1.82,430.42,5.48,3.04,35.8,75.0,100.0,19.99,6.08,0.0,351.58,9.3,0.0,6.06,44.45,73.6,62.04,45.91,13.51,8.96,41.49,4.32,49.55,7.91,14.3,486.92,12.17,486.92,0.98,36.5,0.0,0.0,16.66,57.2,20.68,97.56,8.83,1643.0,73.21,0.61,222.63,9.74,6.72,4.05,46.75,106.53,0.42,7.91,8.52,1.82,0.87,13.34,23.26,12.71,21.73,21.01
152,20068,20.0,71.97,0.0,267.18,39.3,0.0,0.0,133.59,3.0,96.44,0.0,0.0,76.12,3.76,0.0,18.1,20.0,98.36,100.0,0.0,0.0,238.56,48.9,0.0,0.0,20.56,59.5,45.45,59.28,20.3,4.76,14.29,20.0,80.95,26.32,12.78,231.22,0.0,231.22,0.71,259.54,0.0,0.0,21.85,60.08,15.97,100.0,7.89,266.0,83.2,0.0,267.18,0.0,0.16,0.0,83.47,103.76,21.74,19.08,15.15,0.0,6.21,9.84,1.53,23.88,17.99,54.05
153,48054,42.5,6.6,79.96,109.44,29.6,0.66,1.53,0.73,3.0,98.08,48.41,3.41,183.65,13.73,11.14,3538.0,42.5,62.73,31.79,2.97,1.0,366.69,42.13,84.81,5.1,42.59,76.3,29.47,46.56,12.6,14.05,5.77,0.48,80.17,6.18,14.9,-26.97,7.6,-26.97,0.61,7.67,0.26,76.98,14.91,68.16,29.33,70.5,5.56,30079.0,79.06,0.83,109.44,1.43,31.51,6.0,5.76,84.78,13.52,11.96,10.47,3.41,3.04,6.11,8.8,8.14,6.89,8.96
154,48057,100.0,8.05,38.52,160.93,43.1,6.72,2.15,0.81,3.0,98.9,0.0,-4.69,183.22,17.92,10.97,3935.0,100.0,79.33,71.45,4.03,2.67,266.95,66.42,77.53,4.5,42.0,64.9,34.33,63.75,22.34,15.34,4.44,3.01,80.22,9.76,12.89,219.7,6.72,219.7,0.47,29.31,0.0,52.51,15.17,57.85,24.01,86.52,4.23,7477.0,66.37,1.21,160.93,4.95,31.37,0.53,9.47,82.18,4.03,3.23,8.45,-4.69,17.88,29.03,0.46,16.2,14.55,5.04
155,48055,14.29,10.34,0.0,322.69,39.4,3.1,2.86,3.41,3.0,96.44,106.22,1.88,185.19,8.87,6.33,199.87,14.29,88.44,31.08,3.1,6.33,283.08,62.53,0.0,3.48,50.16,72.1,63.28,54.96,18.68,17.68,21.04,4.92,61.28,5.7,13.39,374.18,12.4,374.18,0.78,0.0,0.0,0.0,19.81,56.2,18.23,96.43,6.4,3158.0,81.59,0.31,322.69,10.77,4.95,0.25,64.11,89.2,9.59,23.25,10.34,1.88,0.19,2.71,26.98,16.92,28.22,9.05
156,48056,25.0,11.7,0.0,248.29,35.9,0.0,2.98,0.0,3.0,98.9,0.0,0.97,185.05,3.89,0.0,74.49,25.0,96.33,100.0,9.78,0.0,214.26,40.13,0.0,2.94,21.63,68.5,41.91,60.12,19.65,8.77,1.75,21.69,89.47,11.67,14.01,-1199.0,0.0,-1199.0,0.66,18.57,0.0,0.0,17.25,68.0,28.42,98.84,3.6,1028.0,86.3,0.0,248.29,4.86,5.72,1.38,77.61,96.82,1.52,11.73,9.75,0.97,12.24,19.32,14.48,6.03,12.93,12.9
157,1034,60.0,17.32,0.0,754.24,61.4,0.0,0.0,0.0,2.0,99.73,0.0,-4.33,253.1,0.0,0.0,22.73,60.0,100.0,100.0,0.0,0.0,303.43,10.21,0.0,0.0,78.85,68.5,51.95,65.44,26.67,0.0,57.14,30.0,42.86,13.33,10.67,-2293.0,127.12,-2293.0,0.75,42.37,0.0,0.0,18.55,47.96,11.76,83.33,11.56,225.0,67.35,4.24,754.24,31.11,1.57,55.35,18.28,104.06,9.03,59.32,17.32,-4.33,13.31,32.19,14.8,15.27,35.15,37.04
158,48081,100.0,4.43,0.0,161.14,35.4,0.0,3.09,0.0,3.0,98.08,34.48,4.43,181.92,6.9,3.65,149.39,100.0,93.8,28.2,4.0,0.0,222.37,29.46,0.0,5.33,35.87,71.4,38.26,54.93,15.78,12.99,17.51,13.85,69.49,7.3,15.25,-34.62,4.0,-34.62,0.73,18.79,0.0,0.0,14.48,64.5,28.42,100.0,5.15,2465.0,83.14,0.4,161.14,7.3,2.75,1.21,57.82,113.93,3.53,6.4,11.28,4.43,2.48,10.81,16.88,19.11,18.35,7.63
159,20053,88.24,23.02,0.0,187.88,35.0,1.67,3.77,3.34,3.0,99.73,0.0,2.5,204.68,6.83,5.66,706.24,88.24,86.8,36.62,3.34,5.0,312.72,60.14,0.0,3.7,48.6,66.9,38.86,48.96,13.28,25.0,17.66,2.79,57.34,7.5,14.93,-341.66,5.01,-341.66,0.7,4.84,0.0,0.0,19.55,57.32,14.9,96.82,2.57,6003.0,81.24,1.34,187.88,2.0,8.94,0.12,39.65,77.0,8.95,11.36,9.34,2.5,0.72,12.09,2.99,11.64,13.78,8.81
160,20054,20.0,16.9,0.0,251.13,41.9,0.0,12.39,0.0,3.0,96.71,0.0,13.82,244.71,3.12,0.0,51.28,20.0,98.67,32.54,0.0,0.0,247.82,40.21,0.0,8.0,52.75,59.0,16.9,54.83,17.32,21.82,20.0,17.24,58.18,7.8,14.04,343.4,15.13,343.4,0.77,62.03,0.0,0.0,10.56,41.06,13.63,100.0,6.86,641.0,78.04,0.0,251.13,6.24,1.21,0.08,71.92,100.99,3.31,7.56,16.9,13.82,4.4,5.96,6.83,33.64,13.65,10.2
161,48903,75.0,8.73,0.0,180.88,35.9,0.0,4.55,0.0,3.0,98.08,0.0,-7.9,178.28,11.35,11.35,149.67,75.0,95.84,18.85,3.97,4.37,531.76,38.62,65.49,14.06,46.64,77.5,102.24,68.51,18.6,11.55,17.73,2.02,70.72,10.48,13.8,368.45,0.0,368.45,1.01,19.44,0.0,432.12,12.41,66.77,31.43,97.3,9.3,2290.0,86.07,0.79,180.88,24.89,10.12,2.68,30.59,128.1,7.62,46.81,4.57,-7.9,2.18,5.34,20.65,9.61,28.99,6.04
162,48058,33.33,57.63,0.0,297.8,42.3,0.0,11.81,0.0,2.0,96.44,0.0,5.93,335.08,3.4,1.7,50.34,33.33,100.0,24.85,8.46,8.49,353.78,87.52,0.0,6.25,50.7,67.7,43.22,52.2,17.74,7.14,49.11,8.26,43.75,13.58,12.48,269.62,0.0,269.62,1.02,43.15,0.0,0.0,16.96,51.81,17.15,100.0,2.89,1178.0,73.84,8.46,297.8,1.7,1.75,0.13,66.54,156.35,12.93,44.84,13.56,5.93,3.2,12.11,6.9,12.2,22.18,6.76
163,48060,84.62,6.87,0.0,73.74,35.4,2.02,5.37,6.06,3.0,98.9,0.0,4.24,181.82,13.95,10.92,108.94,84.62,89.04,47.33,4.04,8.09,290.29,69.98,89.83,6.12,40.0,70.8,37.18,53.73,18.62,14.18,12.19,8.24,73.63,7.07,12.33,142.84,12.12,142.84,0.67,17.58,3.84,42.6,17.47,52.8,18.34,72.52,12.86,4947.0,67.31,0.81,73.74,3.03,0.84,0.08,76.73,93.75,20.89,16.16,10.91,4.24,9.69,22.25,5.28,21.6,11.93,6.26
164,48061,40.0,30.1,0.0,138.39,57.9,22.32,0.0,22.32,3.0,98.9,0.0,1.11,183.01,3.34,1.11,56.84,40.0,100.0,76.92,0.0,0.0,276.22,58.53,27.27,0.0,54.47,65.3,55.74,54.03,16.82,11.67,8.33,22.58,80.0,11.14,14.25,979.34,0.0,979.34,0.74,13.39,0.0,70.06,16.35,70.29,34.71,100.0,2.56,898.0,89.24,0.0,138.39,-2.23,1.05,1.08,70.63,110.47,15.66,29.02,7.8,1.11,7.03,15.28,52.46,8.64,37.17,22.9
165,48059,66.67,13.78,0.0,283.24,39.9,0.0,26.8,0.0,3.0,96.44,0.0,0.0,182.74,4.03,4.03,28.18,66.67,97.03,33.5,0.0,0.0,263.67,16.0,0.0,0.0,27.39,63.0,25.59,49.85,18.75,17.31,21.15,14.58,61.54,6.05,10.69,-2107.0,0.0,-2107.0,0.9,0.0,0.0,0.0,15.58,49.89,16.84,93.33,9.68,496.0,79.72,0.0,283.24,18.15,0.56,0.06,70.34,115.94,10.1,19.27,13.78,0.0,3.68,13.3,4.2,13.57,16.92,16.95
166,20901,77.78,27.33,0.0,275.55,34.2,0.0,4.58,0.0,3.0,98.9,0.0,1.58,158.59,8.39,3.67,78.16,77.78,93.37,18.48,5.27,0.0,284.76,37.13,0.0,2.0,34.9,71.2,35.21,55.04,16.41,12.05,27.71,9.15,60.24,7.34,16.52,394.43,5.27,394.43,0.49,11.59,0.0,0.0,20.63,58.24,18.01,100.0,5.19,1907.0,75.23,0.0,275.55,1.57,0.73,0.04,83.69,95.28,29.78,27.92,9.98,1.58,0.73,0.42,42.0,16.01,15.59,12.2
167,48062,100.0,18.13,0.0,130.77,58.5,0.0,0.0,0.0,3.0,98.9,0.0,5.18,163.53,0.0,0.0,17.05,100.0,100.0,100.0,0.0,0.0,318.73,42.04,0.0,0.0,53.52,62.8,49.22,63.95,20.16,21.05,5.26,40.0,73.68,7.85,14.66,130.3,0.0,130.3,0.71,28.21,0.0,0.0,16.33,59.77,24.49,96.3,2.09,382.0,87.13,0.0,130.77,-5.24,0.38,0.22,87.32,126.95,5.95,12.82,5.18,5.18,11.95,16.98,14.71,12.82,39.65,17.24
168,48063,100.0,9.22,0.0,334.11,44.9,23.2,0.0,69.61,3.0,98.9,0.0,0.0,189.69,2.29,0.0,60.69,100.0,98.48,85.92,0.0,0.0,247.97,63.56,0.0,0.0,26.97,64.0,89.86,52.8,17.16,13.89,8.33,17.14,77.78,34.32,13.27,218.46,0.0,218.46,0.68,2171.0,0.0,0.0,18.56,63.4,23.45,100.0,3.2,437.0,90.16,0.0,334.11,16.02,2.1,0.42,60.69,109.68,16.56,58.0,6.91,0.0,16.77,29.67,29.67,3.59,12.8,16.39
169,48064,25.0,13.04,0.0,79.77,38.2,0.0,11.19,0.0,3.0,98.9,0.0,-4.35,208.45,1.47,0.0,55.57,25.0,99.44,59.09,0.0,0.0,271.28,56.11,93.33,0.0,54.47,65.2,26.09,56.94,19.76,17.65,8.82,15.38,73.53,10.32,13.42,265.05,0.0,265.05,0.81,38.46,0.0,543.48,19.31,60.91,24.02,95.16,1.33,678.0,84.94,0.0,79.77,2.95,0.38,0.16,67.87,128.64,86.96,56.98,8.7,-4.35,8.13,16.37,37.53,11.93,20.14,32.26
170,1039,87.5,0.0,0.0,461.85,53.1,0.0,27.28,0.0,2.0,99.73,0.0,-11.76,335.09,7.66,0.0,30.0,87.5,100.0,71.43,0.0,0.0,489.19,7.73,0.0,0.0,50.31,63.7,43.14,77.55,29.12,15.38,23.08,48.28,61.54,0.0,8.81,118.99,40.16,118.99,0.77,0.0,0.0,0.0,14.46,47.11,15.7,96.15,3.07,261.0,68.37,4.02,461.85,-15.33,1.89,66.78,5.86,105.79,4.88,32.13,7.84,-11.76,2.65,46.33,-10.62,30.43,34.09,52.63
171,48066,0.0,14.49,0.0,219.57,57.4,23.87,18.82,0.0,3.0,98.9,0.0,-9.66,183.81,0.0,0.0,26.91,0.0,100.0,75.0,0.0,0.0,199.21,55.36,0.0,0.0,54.47,60.7,36.23,53.76,23.72,10.53,5.26,40.62,84.21,9.78,8.07,536.29,0.0,536.29,0.84,40.57,0.0,0.0,16.92,58.97,19.49,100.0,2.69,409.0,89.02,0.0,219.57,2.44,0.75,0.72,62.89,152.72,6.14,16.71,4.83,-9.66,7.47,10.18,6.51,6.52,36.65,27.03
172,48068,33.33,3.62,0.0,171.31,48.3,0.0,5.31,0.0,2.0,98.9,0.0,-7.23,196.3,10.86,4.14,460.24,33.33,86.3,44.42,5.16,5.17,323.15,51.26,70.42,5.36,34.61,66.5,43.9,57.28,21.68,16.78,6.04,4.58,77.18,12.42,11.33,314.54,10.32,314.54,0.5,312.69,0.0,166.28,11.8,67.79,29.81,100.0,6.36,1933.0,77.69,0.0,171.31,9.31,7.55,0.0,43.1,89.33,9.46,15.48,7.75,-7.23,16.95,22.04,8.17,5.69,23.03,13.64
173,48069,70.59,8.92,12.34,81.08,29.5,4.84,1.7,4.24,3.0,98.9,1.6,4.95,182.13,13.7,10.67,365.48,70.59,87.24,34.83,3.63,1.23,285.03,47.82,98.0,5.3,43.73,74.7,47.1,52.34,13.3,14.26,11.33,4.47,74.41,6.11,16.47,130.58,9.08,130.58,0.64,11.01,0.3,65.05,14.42,64.53,28.19,88.46,7.45,16209.0,65.2,0.97,81.08,10.8,11.55,0.83,45.73,105.25,1.37,4.24,12.59,4.95,5.18,13.41,21.0,11.9,8.87,9.05
174,48007,100.0,4.83,0.0,349.4,47.4,48.19,9.0,96.39,3.0,98.9,0.0,-12.08,183.81,0.0,0.0,17.14,100.0,98.58,100.0,0.0,0.0,345.52,101.3,0.0,14.29,42.0,65.9,24.15,65.86,24.21,19.05,0.0,20.69,80.95,12.11,11.38,506.06,0.0,506.06,0.8,53.01,0.0,0.0,20.26,58.46,19.23,100.0,1.94,413.0,81.82,0.0,349.4,9.69,0.25,0.25,80.66,135.72,49.18,72.29,7.25,-12.08,15.0,20.37,6.99,14.16,34.08,40.0
175,48908,33.33,9.71,0.0,139.61,32.4,0.0,0.0,77.92,3.0,98.9,0.0,-9.71,188.69,3.23,3.23,50.82,33.33,98.89,19.67,0.0,0.0,171.41,44.74,0.0,0.0,45.02,70.7,55.02,58.97,16.45,27.27,9.09,0.0,63.64,6.45,17.1,608.34,0.0,608.34,0.63,129.87,0.0,0.0,16.43,71.07,30.0,100.0,2.26,310.0,91.16,0.0,139.61,0.0,3.54,0.16,37.21,173.33,9.26,64.94,6.47,-9.71,12.76,17.78,42.2,23.48,17.39,20.83
176,48071,100.0,16.36,44.07,75.02,37.1,2.73,2.37,10.91,3.0,98.08,54.3,-0.55,181.98,9.42,5.4,328.0,100.0,91.1,30.64,4.09,0.0,372.5,103.23,94.17,4.89,47.61,68.8,69.15,51.15,16.67,20.91,6.11,5.02,72.98,9.98,12.87,72.23,5.46,72.23,0.66,15.41,0.0,184.6,22.78,61.24,17.04,66.67,2.4,7216.0,70.57,1.09,75.02,5.27,10.39,1.09,38.05,83.64,9.62,30.01,10.45,-0.55,0.41,9.8,16.46,7.22,21.01,20.75
177,20057,100.0,4.13,0.0,302.42,40.5,80.65,0.0,241.94,3.0,96.71,0.0,4.13,151.03,4.26,0.0,26.7,100.0,100.0,68.89,0.0,0.0,529.9,138.03,0.0,7.69,61.3,67.3,33.06,70.29,20.43,21.43,7.14,41.94,71.43,17.02,18.3,98.13,0.0,98.13,0.84,96.77,0.0,0.0,15.12,49.27,17.07,100.0,0.0,235.0,85.26,0.0,302.42,4.26,0.48,0.8,69.89,123.91,47.62,80.65,16.53,4.13,3.82,8.73,40.72,38.95,26.28,40.0
178,20056,84.62,9.4,0.0,171.28,35.7,9.96,2.81,0.0,3.0,98.9,0.0,0.0,157.31,13.05,8.03,176.56,84.62,89.42,48.94,3.98,4.02,258.97,27.23,97.92,5.42,36.1,66.2,21.0,55.11,17.75,18.1,10.68,14.33,71.22,7.23,13.36,365.1,7.97,365.1,0.59,199.96,0.0,53.33,16.86,52.5,17.75,94.53,4.66,4979.0,72.08,1.0,171.28,9.84,1.37,0.46,68.05,90.3,5.19,3.98,11.8,0.0,2.89,7.56,3.75,2.42,9.76,4.24
179,48067,100.0,35.37,0.0,191.0,44.4,0.0,8.39,0.0,3.0,98.9,0.0,-5.44,196.87,5.43,6.11,29.46,100.0,100.0,31.59,6.82,6.79,270.75,42.12,85.0,6.0,65.29,64.0,55.1,61.69,23.29,18.69,12.15,17.89,69.16,8.83,11.95,111.97,0.0,111.97,0.8,38.88,0.0,118.34,13.77,55.98,20.99,97.37,2.92,1473.0,82.08,0.0,191.0,4.75,0.35,0.32,75.22,123.58,0.57,0.68,10.88,-5.44,7.04,11.96,7.21,3.58,26.85,16.04
180,48909,50.0,8.58,0.0,170.94,67.2,42.74,3.28,0.0,1.0,98.9,0.0,4.29,174.04,0.0,0.0,18.93,50.0,100.0,47.06,0.0,0.0,208.62,55.92,0.0,0.0,41.51,67.0,12.88,58.22,20.35,25.0,0.0,25.0,75.0,17.32,12.55,321.99,0.0,321.99,0.59,0.0,0.0,0.0,16.11,54.98,19.43,100.0,0.87,231.0,84.82,4.27,170.94,-4.33,0.61,0.49,68.69,169.97,2.7,8.55,8.58,4.29,17.83,22.59,-0.43,19.81,44.2,100.0
181,1041,50.0,0.0,0.0,568.72,57.4,0.0,0.0,94.79,2.0,99.73,0.0,4.76,395.73,4.78,0.0,23.48,50.0,100.0,60.0,0.0,0.0,487.77,4.3,0.0,0.0,57.08,62.4,42.86,83.33,25.84,11.54,65.38,45.83,23.08,14.35,13.88,169.35,47.39,169.35,0.81,94.79,0.0,0.0,13.57,44.22,14.07,94.74,7.66,209.0,47.62,4.74,568.72,-28.71,0.81,76.18,4.49,115.47,1.39,4.74,9.52,4.76,15.84,34.72,-2.79,9.29,32.89,66.67
182,20063,100.0,24.39,0.0,238.06,33.7,2.01,2.36,7.04,3.0,99.73,0.0,3.02,213.42,14.25,12.73,164.9,100.0,86.94,32.49,4.02,6.06,339.64,66.93,98.53,7.42,48.6,72.5,57.05,54.59,14.5,20.64,12.7,5.04,66.67,7.88,16.12,328.46,8.04,328.46,1.01,65.15,0.4,42.55,16.55,59.78,20.44,97.51,2.44,9894.0,67.55,0.9,238.06,0.81,3.61,0.38,55.45,102.76,8.76,19.1,9.37,3.02,1.93,12.52,9.27,10.4,12.33,9.86
183,1042,16.67,14.52,0.0,257.17,32.4,8.96,4.12,0.0,3.0,100.0,41.54,-9.07,135.02,2.76,0.92,36.35,16.67,96.91,38.89,8.96,0.0,398.32,14.21,95.45,1.96,65.17,69.8,39.02,53.75,16.28,28.57,10.99,21.3,60.44,8.28,15.18,-59.28,8.96,-59.28,0.76,0.0,0.0,123.6,20.56,56.15,16.43,100.0,3.59,1087.0,76.46,0.9,257.17,8.28,1.1,1.0,77.32,117.79,21.65,63.62,8.17,-9.07,12.99,20.67,30.81,8.67,15.36,25.16
184,20058,100.0,20.88,0.0,754.22,47.0,10.55,5.66,0.0,3.0,96.71,0.0,1.04,855.54,13.43,17.56,140.29,100.0,94.97,15.3,10.55,30.99,294.56,80.12,0.0,8.11,30.1,65.7,59.5,78.27,27.69,11.54,19.23,12.5,69.23,11.36,11.57,1373.0,0.0,1373.0,1.16,83.33,0.0,0.0,18.82,47.04,13.94,100.0,7.02,968.0,65.07,2.11,754.22,-4.13,7.46,1.59,52.61,109.26,3.88,21.1,7.31,1.04,0.73,7.83,-0.92,20.97,17.14,17.86
185,48073,23.08,4.27,78.47,87.85,45.1,4.52,2.49,0.0,3.0,98.9,0.0,-2.59,182.49,15.36,9.19,2060.0,23.08,75.0,62.64,4.52,1.12,308.19,106.18,90.74,6.71,40.0,62.7,22.84,59.62,21.78,12.52,6.19,4.92,81.3,6.28,11.4,156.95,10.16,156.95,0.49,6.44,0.0,27.33,13.65,48.41,15.26,77.88,6.2,8921.0,58.27,1.02,87.85,0.11,13.26,1.15,54.27,78.07,21.78,14.11,7.99,-2.59,5.44,28.42,-10.91,11.14,18.64,5.97
186,20076,52.94,8.83,36.99,160.89,40.6,4.1,2.34,1.13,3.0,96.71,6.56,-0.1,153.84,16.13,9.97,1707.0,52.94,77.49,46.73,4.1,0.0,372.26,72.98,87.5,4.23,51.7,69.8,38.17,62.47,18.31,31.92,3.79,1.08,64.29,5.45,15.42,296.87,9.22,296.87,0.56,0.0,0.0,40.13,17.88,59.43,19.28,67.45,12.58,9732.0,71.88,1.13,160.89,13.36,11.33,0.7,55.61,84.51,10.06,6.66,9.24,-0.1,0.88,10.11,7.1,15.8,21.87,3.91
187,20905,50.0,5.35,0.0,403.14,34.6,104.71,0.0,0.0,3.0,96.71,0.0,21.39,334.31,0.0,0.0,29.05,50.0,98.04,100.0,0.0,0.0,407.51,132.43,0.0,12.5,38.2,66.9,10.7,67.89,21.86,0.0,12.5,55.0,87.5,10.93,14.75,-20.18,0.0,-20.18,0.71,0.0,0.0,0.0,13.94,49.7,18.79,100.0,1.64,183.0,84.52,5.24,403.14,5.46,0.84,0.48,67.78,132.77,9.43,26.18,32.09,21.39,5.55,9.75,20.39,32.39,14.56,30.3
188,20060,100.0,8.2,0.0,390.24,45.3,81.3,0.0,0.0,1.0,96.71,0.0,32.79,277.61,8.26,0.0,20.86,100.0,100.0,70.59,0.0,0.0,379.29,119.36,0.0,0.0,45.47,59.7,8.2,57.14,13.22,0.0,10.0,42.86,90.0,16.53,20.66,63.97,0.0,63.97,0.81,0.0,0.0,0.0,15.31,52.04,15.31,100.0,0.0,121.0,77.78,0.0,390.24,-16.53,0.67,0.0,78.28,129.29,66.67,211.38,32.79,32.79,9.68,11.24,53.16,43.48,24.14,0.0
189,20061,100.0,9.24,0.0,215.08,29.3,1.94,2.74,7.19,3.0,98.9,13.53,6.68,158.45,13.13,6.37,512.86,100.0,79.09,72.72,3.89,1.99,234.08,43.46,8.33,3.9,41.1,72.6,33.81,54.03,14.96,25.42,7.26,6.56,67.31,8.16,16.08,-543.8,9.71,-543.8,0.56,167.09,0.0,15.36,17.34,58.13,18.27,96.28,5.39,5026.0,75.05,1.36,215.08,11.74,4.29,1.84,27.96,94.04,19.52,15.93,12.19,6.68,0.19,16.67,16.69,7.39,9.16,9.48
190,20062,33.33,18.93,0.0,341.17,39.2,0.0,3.52,68.23,3.0,96.71,0.0,0.76,156.78,8.31,1.51,191.74,33.33,86.67,17.13,7.58,0.0,239.02,28.57,0.0,3.28,56.4,69.0,37.85,54.56,15.5,14.41,15.32,4.35,70.27,6.8,16.1,134.88,15.16,134.88,0.81,18.95,0.0,0.0,19.88,62.55,17.31,98.97,8.01,1323.0,62.99,0.0,341.17,5.29,4.84,0.72,72.75,102.76,5.09,12.89,11.36,0.76,2.7,4.34,12.5,16.22,19.3,9.57
191,48075,90.0,18.7,0.0,317.26,37.9,4.16,4.21,0.0,1.0,100.0,0.0,4.15,172.86,4.57,2.91,23.46,90.0,89.42,39.85,4.16,8.3,226.21,42.47,98.29,6.49,48.71,69.6,34.07,62.55,19.14,19.3,12.28,23.87,68.42,8.3,16.48,-270.82,16.63,-270.82,0.8,23.7,30.77,93.07,16.8,58.56,21.79,94.19,4.07,2409.0,72.98,0.83,317.26,2.08,0.53,0.64,71.24,110.18,8.78,19.96,12.46,4.15,4.76,14.35,22.72,36.31,19.66,14.56
192,48083,33.33,8.26,0.0,243.03,41.4,2.37,1.49,4.15,3.0,98.08,0.0,-5.07,183.38,10.56,5.63,1106.0,33.33,91.08,27.39,3.56,1.17,445.75,58.15,80.0,3.15,37.64,61.5,37.86,52.77,18.18,24.12,11.14,1.32,64.74,6.81,12.37,159.21,7.11,159.21,0.7,4.51,0.0,76.48,20.29,53.12,13.74,93.92,1.21,8520.0,82.74,1.07,243.03,1.17,8.53,2.6,11.95,73.22,10.96,8.54,7.08,-5.07,0.14,6.37,-3.08,12.0,24.89,9.61
193,48072,66.67,4.8,0.0,285.26,54.5,0.0,4.63,19.7,2.0,99.7,36.42,-0.8,239.73,7.31,2.44,99.35,66.67,100.0,25.79,7.88,8.12,294.09,46.59,55.0,3.12,44.45,63.9,30.38,57.95,20.54,13.64,16.67,14.29,69.7,8.93,12.58,-199.35,7.88,-199.35,0.58,3.15,0.0,78.74,19.15,56.57,20.45,96.91,7.14,1232.0,74.32,0.0,285.26,6.49,2.81,0.48,34.27,91.51,5.16,14.18,9.59,-0.8,4.76,18.71,21.26,16.6,27.7,24.1
194,1043,80.0,4.69,0.0,200.25,32.0,3.08,2.58,0.0,2.0,99.73,2.5,10.32,339.27,4.44,2.86,69.69,80.0,86.25,32.54,3.08,3.17,363.83,11.52,89.58,5.63,41.03,72.7,37.21,60.06,15.52,21.63,25.08,16.02,53.29,4.76,17.59,276.04,24.65,276.04,0.74,19.72,6.16,57.14,15.33,50.58,15.33,92.56,9.65,3150.0,50.42,0.31,200.25,23.81,3.35,57.48,8.58,94.75,1.32,6.16,17.2,10.32,2.29,44.84,37.8,14.26,16.59,9.98
195,20059,45.45,8.14,27.53,167.66,39.0,3.65,2.82,1.0,3.0,96.44,0.0,2.47,156.92,12.39,8.54,100.7,45.45,84.13,20.6,3.65,1.84,307.62,63.38,85.56,5.83,31.77,80.2,12.81,60.24,19.97,15.3,12.27,13.28,72.43,4.86,13.55,316.64,8.21,316.64,0.64,25.74,0.0,40.52,15.04,56.63,22.62,65.91,4.16,10896.0,32.97,0.73,167.66,3.58,1.26,0.09,74.42,95.98,10.02,12.5,11.62,2.47,9.04,8.19,2.14,9.5,15.67,9.87
196,1044,71.43,17.06,0.0,824.32,44.0,0.0,10.69,0.0,2.0,98.08,0.0,3.41,181.79,0.0,0.0,5.08,71.43,98.84,100.0,0.0,0.0,222.75,14.16,0.0,0.0,80.37,64.2,47.78,48.72,21.72,6.25,6.25,39.39,87.5,13.79,7.59,223.45,33.78,223.45,0.74,138.51,0.0,0.0,20.57,54.96,16.31,100.0,3.79,290.0,83.33,0.0,824.32,6.9,0.62,22.68,59.51,107.9,2.56,30.41,6.83,3.41,14.97,22.94,12.4,5.38,24.6,41.67
197,48077,77.78,9.54,0.0,117.66,36.0,4.66,1.77,0.93,3.0,98.9,8.92,2.56,188.21,9.76,6.28,682.86,77.78,91.16,67.65,2.33,2.32,315.85,34.42,0.0,1.48,69.62,73.6,38.86,53.86,15.67,11.53,1.87,4.15,86.6,10.69,14.48,117.28,9.32,117.28,0.65,23.07,0.0,0.0,13.56,75.46,36.74,87.76,5.79,4302.0,84.93,0.93,117.66,4.18,4.51,1.59,38.73,100.04,9.15,6.06,10.47,2.56,12.75,16.02,24.23,0.6,19.23,4.62
198,48078,79.49,2.44,20.62,67.91,40.6,0.0,1.3,0.52,3.0,98.08,3.23,-2.31,183.28,15.59,10.19,15032.0,79.49,74.93,56.31,3.76,0.21,326.73,55.72,95.6,3.08,35.43,65.9,36.91,58.17,22.25,17.9,3.4,0.21,78.7,7.38,10.88,62.31,7.94,62.31,0.47,4.37,0.0,41.67,16.37,54.11,19.63,70.35,3.01,48105.0,79.54,2.13,67.91,2.81,37.91,4.06,0.0,74.89,19.37,4.91,7.11,-2.31,2.19,6.94,-9.65,7.42,14.17,4.17
199,1047,83.33,35.97,0.0,586.34,39.8,0.0,0.0,3.07,1.0,98.08,0.0,9.59,23.26,2.5,3.34,43.25,83.33,96.62,31.53,7.67,16.69,430.2,22.3,55.88,10.87,52.47,69.5,71.94,51.65,11.69,29.49,6.41,16.04,64.1,6.68,18.78,372.62,7.67,372.62,0.71,144.28,0.0,228.19,22.88,62.48,17.59,98.28,7.93,1198.0,82.55,0.77,586.34,42.57,2.48,56.9,13.39,111.26,2.77,14.58,13.59,9.59,1.46,21.2,143.0,8.08,29.73,27.78
200,1051,37.5,9.72,0.0,221.29,30.0,0.0,3.67,0.0,3.0,99.73,28.4,5.17,240.05,12.29,6.25,127.01,37.5,96.26,33.35,2.05,2.08,560.17,26.89,80.0,3.49,52.03,73.0,35.79,48.04,13.56,16.12,12.02,5.56,71.86,6.87,14.29,464.96,18.49,464.96,0.65,5.55,0.0,82.83,16.26,50.31,13.75,80.0,9.66,4801.0,63.87,0.21,221.29,8.75,3.58,62.49,19.5,90.08,37.64,104.79,13.86,5.17,1.02,21.2,22.07,12.79,11.87,5.52
201,1052,66.67,24.69,0.0,501.52,36.2,0.0,12.95,0.0,1.0,99.73,0.0,-18.52,373.86,9.4,3.13,30.09,66.67,100.0,49.28,0.0,0.0,1507.0,5.41,87.5,28.57,60.16,66.0,37.04,69.68,22.88,12.2,48.78,32.79,39.02,9.4,13.17,204.28,30.4,204.28,0.75,103.34,0.0,578.31,13.03,47.88,11.73,100.0,13.17,319.0,47.14,3.04,501.52,31.35,1.72,58.21,15.85,127.53,7.69,42.55,6.17,-18.52,10.11,33.11,4.25,5.23,15.79,22.22
202,1053,73.91,36.21,0.0,463.45,81.9,0.0,5.57,19.31,2.0,99.73,0.0,-5.57,281.41,0.0,4.22,8.33,73.91,99.63,45.64,0.0,28.13,598.65,9.81,100.0,8.33,52.03,65.7,55.71,66.9,24.89,20.51,7.69,64.42,71.79,7.03,11.39,-624.42,0.0,-624.42,1.05,158.62,0.0,151.9,18.21,47.5,13.35,98.31,0.98,711.0,81.66,0.0,463.45,11.25,1.46,38.45,40.43,159.74,9.54,164.14,6.96,-5.57,5.7,23.59,4.41,9.78,51.31,147.37
203,48082,38.89,4.87,22.69,85.79,37.2,0.42,1.52,0.0,3.0,98.08,1.99,-1.11,183.09,12.05,7.92,6908.0,38.89,71.41,55.23,3.61,0.43,450.27,117.0,60.55,3.02,33.76,67.4,27.02,55.35,19.73,19.77,3.73,0.52,76.5,6.49,11.99,56.78,5.52,56.78,0.49,6.18,0.4,51.81,16.27,53.1,17.22,78.31,3.61,46978.0,77.7,1.68,85.79,6.0,50.43,1.32,7.65,74.77,5.66,4.12,7.95,-1.11,2.91,9.02,-3.17,7.7,17.13,2.95
204,20070,40.0,3.51,0.0,167.7,30.4,6.87,8.19,11.68,3.0,96.71,0.0,2.81,157.78,9.35,1.44,151.2,40.0,96.23,52.16,6.87,0.0,245.4,37.18,100.0,3.77,33.6,65.5,21.08,62.31,19.55,12.37,10.31,18.75,77.32,5.03,14.38,438.75,6.87,438.75,0.67,10.31,0.0,188.41,17.0,56.66,20.9,100.0,6.18,1391.0,83.92,0.69,167.7,2.16,1.49,1.09,66.41,109.16,14.6,13.75,16.16,2.81,2.36,11.15,10.13,26.87,11.0,4.65
205,48084,31.25,12.84,0.0,130.54,47.2,0.34,1.13,0.75,3.0,98.08,0.0,-3.3,182.01,12.04,6.99,8421.0,31.25,84.98,40.07,3.76,0.68,435.26,93.87,74.62,2.97,37.68,60.0,55.06,59.14,22.38,21.54,3.75,0.21,74.71,6.75,11.17,105.2,5.47,105.2,0.47,0.41,0.14,29.06,15.39,48.18,13.73,88.02,5.1,29476.0,79.48,2.53,130.54,5.94,71.14,0.0,0.0,69.05,11.65,9.92,8.38,-3.3,3.12,3.81,-11.45,7.66,25.57,1.8
206,48904,90.0,8.84,0.0,296.12,34.9,0.0,2.62,5.76,3.0,98.08,53.85,-0.44,213.92,9.48,5.07,657.39,90.0,90.21,36.0,2.21,0.0,280.53,38.45,98.28,2.05,52.71,71.5,64.52,67.38,21.56,15.3,15.86,0.47,68.84,10.58,15.15,106.41,26.58,106.41,0.75,21.48,6.2,30.74,15.22,61.77,23.58,99.2,4.67,4536.0,84.25,0.66,296.12,2.43,13.9,3.19,25.65,89.78,10.43,22.15,8.4,-0.44,0.81,5.42,17.7,10.09,18.77,7.08
207,48085,76.92,5.87,0.0,174.02,28.9,0.8,1.46,2.0,3.0,98.9,0.0,6.27,175.07,10.03,6.8,1471.0,76.92,88.43,63.24,3.19,0.81,290.66,28.94,96.08,2.07,50.06,76.5,36.89,44.4,10.61,12.64,4.9,0.71,82.46,6.31,16.0,246.84,6.39,246.84,0.66,53.4,0.0,75.0,14.44,75.39,34.96,96.72,4.12,12359.0,85.23,1.2,174.02,0.73,13.3,2.14,19.64,87.09,18.35,16.36,12.46,6.27,8.09,10.54,24.62,8.56,4.17,4.97
208,48086,70.0,13.84,0.0,150.08,50.2,3.92,2.15,0.0,2.0,100.0,37.84,1.58,547.7,7.59,3.59,58.5,70.0,98.94,43.19,3.92,3.99,361.81,28.83,95.63,4.23,47.61,61.6,39.95,54.28,20.81,15.06,8.43,12.57,76.51,7.59,10.94,498.99,3.92,498.99,0.72,23.51,29.78,286.52,24.45,59.04,17.28,83.25,5.07,2504.0,74.19,0.39,150.08,4.39,1.08,0.09,65.65,98.71,76.14,137.54,10.68,1.58,6.51,15.77,12.34,6.66,35.63,31.14
209,20065,66.67,19.52,0.0,379.81,41.1,2.5,3.51,5.0,3.0,96.44,0.0,-0.25,156.0,10.53,3.76,280.99,66.67,87.53,39.62,5.0,0.0,327.33,48.79,97.73,3.7,35.8,64.4,27.28,58.02,20.85,16.99,18.53,5.88,64.48,4.76,11.25,-102.24,10.0,-102.24,0.59,0.0,0.0,52.38,15.96,48.8,14.02,95.81,5.84,3990.0,63.56,1.25,379.81,7.27,2.58,0.07,66.69,78.27,11.2,10.24,11.01,-0.25,4.31,9.99,-7.53,17.48,28.56,10.44
210,48076,75.0,2.85,0.0,539.77,39.8,56.82,34.24,0.0,2.0,98.9,0.0,0.0,191.62,0.0,0.0,152.17,75.0,93.39,35.64,0.0,0.0,315.43,20.81,0.0,0.0,41.51,72.7,136.75,60.55,25.43,4.17,8.33,9.52,87.5,22.86,9.14,-11.12,0.0,-11.12,0.7,0.0,0.0,0.0,13.15,80.12,39.76,100.0,3.14,350.0,86.96,0.0,539.77,-5.71,7.17,0.0,36.96,113.13,24.24,113.64,8.55,0.0,15.39,20.41,6.38,0.97,14.9,57.14
211,20071,100.0,3.87,47.94,160.27,47.7,4.42,2.01,5.64,2.0,96.71,1.34,-1.55,157.05,23.28,17.35,476.09,100.0,76.6,50.55,4.42,1.66,423.26,64.92,95.41,5.6,52.97,71.5,46.98,62.87,19.82,14.32,6.7,3.18,78.97,6.87,14.02,54.42,10.5,54.42,0.56,9.95,0.94,55.66,16.88,60.06,22.39,69.2,4.22,18044.0,66.08,1.33,160.27,4.27,2.85,0.29,61.82,89.72,25.09,14.98,9.57,-1.55,1.34,2.66,-0.38,13.84,29.4,7.78
212,48087,57.14,3.72,0.0,47.97,53.0,0.0,17.27,0.0,3.0,100.0,107.38,-5.59,260.46,3.76,0.0,17.16,57.14,98.8,45.45,0.0,0.0,406.18,30.09,86.11,12.5,34.77,65.2,42.83,52.87,22.74,17.95,10.26,31.48,71.79,9.4,8.27,169.42,18.45,169.42,0.74,0.0,0.0,300.0,17.84,49.22,14.12,100.0,4.51,532.0,69.81,1.85,47.97,9.4,0.56,0.0,55.55,110.12,37.14,119.93,3.72,-5.59,17.72,26.98,-2.21,8.4,36.11,46.51
213,48088,40.0,0.0,0.0,479.04,41.8,0.0,0.0,0.0,3.0,99.73,0.0,0.0,186.81,0.0,0.0,55.52,40.0,100.0,100.0,0.0,0.0,306.64,60.04,0.0,0.0,65.44,71.5,36.59,47.71,21.74,21.43,7.14,35.71,71.43,24.84,7.45,448.03,0.0,448.03,0.66,35.93,0.0,114.29,20.62,55.0,17.5,94.12,8.07,161.0,75.58,0.0,479.04,12.42,2.1,0.0,54.14,101.3,1.64,5.99,6.1,0.0,0.95,17.62,-4.17,0.98,20.9,153.85
214,48065,100.0,5.94,0.0,61.73,34.4,0.0,3.44,7.41,3.0,100.0,0.0,-1.73,183.0,13.4,7.45,774.81,100.0,65.38,34.8,2.47,0.0,274.39,49.07,0.0,3.67,38.78,70.6,29.46,53.25,17.97,20.99,11.33,2.06,67.68,6.95,12.58,602.76,14.81,602.76,0.62,0.0,0.0,0.0,14.92,53.94,17.09,99.02,3.62,4029.0,80.9,2.22,61.73,6.45,6.48,1.54,60.38,79.14,110.98,92.35,8.66,-1.73,2.49,7.5,-3.1,11.69,14.28,9.6
215,48089,44.44,5.03,0.0,259.21,29.4,2.92,3.8,1.75,3.0,98.9,0.0,2.07,183.92,8.69,5.09,427.95,44.44,94.1,29.78,2.92,3.0,273.85,38.39,90.16,0.88,44.9,74.5,52.37,51.87,15.61,21.62,10.14,3.68,68.24,6.89,14.14,479.85,5.84,479.85,0.69,2.34,0.0,114.45,16.21,63.9,26.98,99.38,2.91,3338.0,87.09,0.88,259.21,5.09,7.67,1.54,31.03,98.52,7.69,13.44,12.13,2.07,8.43,11.47,14.2,17.28,12.97,16.13
216,48074,55.56,4.72,0.0,173.79,34.3,2.35,3.87,4.23,3.0,100.0,0.0,-0.94,181.87,13.74,7.11,125.97,55.56,97.15,50.99,2.35,0.0,455.61,64.36,84.04,7.21,33.11,65.3,38.22,54.75,19.36,11.68,8.76,15.46,79.56,7.35,12.27,-43.68,7.05,-43.68,0.54,27.24,9.16,67.07,18.47,58.65,18.34,88.79,5.62,4220.0,75.78,0.47,173.79,4.74,3.11,1.76,40.03,89.73,31.83,77.97,10.85,-0.94,10.67,22.65,8.88,19.21,15.4,9.35
217,1054,33.33,29.98,0.0,23.6,44.4,0.0,10.65,0.0,1.0,99.73,0.0,13.78,339.53,4.18,1.67,19.77,33.33,97.54,28.61,7.87,0.0,252.48,10.38,0.0,6.25,42.84,68.0,32.41,52.75,14.63,14.08,12.68,33.04,73.24,10.03,16.14,51.36,15.74,51.36,0.83,44.06,0.0,0.0,18.81,63.89,22.54,100.0,6.69,1196.0,82.02,0.79,23.6,6.69,1.53,1.64,53.4,118.13,6.05,44.06,16.21,13.78,3.39,18.15,42.38,12.96,26.76,9.43
218,20072,59.64,5.05,0.0,284.78,27.4,0.0,3.54,2.28,3.0,99.73,0.0,5.21,453.13,9.45,4.89,275.11,60.61,87.36,36.08,3.25,1.63,308.48,39.99,77.27,5.53,35.2,71.2,31.27,51.59,11.65,21.93,11.29,5.25,66.78,6.85,18.4,13.95,6.51,13.95,0.72,18.39,2.28,10.81,19.36,58.97,18.9,84.75,4.27,6135.0,79.8,0.98,284.78,-0.16,1.76,1.52,56.86,91.89,19.96,36.58,12.38,5.21,4.03,13.4,14.12,13.73,4.83,7.11
219,20077,100.0,8.65,0.0,246.37,35.2,0.0,1.39,4.31,3.0,96.7,7.59,3.46,146.77,16.2,11.86,874.94,100.0,81.49,52.46,2.87,0.0,311.16,49.81,0.0,8.15,17.1,76.3,35.33,60.86,18.36,16.5,10.07,2.49,73.43,7.09,15.57,134.18,2.87,134.18,0.57,4.74,0.0,0.0,17.1,56.18,19.22,84.22,4.43,6912.0,77.68,0.86,246.37,8.68,2.81,0.13,62.78,90.74,4.95,1.58,12.55,3.46,8.33,1.76,8.32,9.96,15.09,9.93
220,20073,73.08,32.01,265.75,343.76,33.5,1.66,3.28,0.0,3.0,99.73,0.0,7.54,233.41,17.74,13.35,237.71,73.08,84.5,23.35,3.33,8.45,328.33,53.81,0.0,5.15,50.0,72.1,53.8,54.22,15.46,19.1,13.08,5.5,67.82,8.62,15.76,88.73,9.98,88.73,0.74,17.3,0.0,0.0,17.35,56.33,19.68,86.27,3.62,5919.0,70.36,0.83,343.76,2.87,5.68,5.54,58.59,94.8,16.4,38.58,14.25,7.54,0.59,11.85,12.06,1.16,14.75,10.07
221,1055,81.82,28.13,0.0,36.17,64.5,0.0,7.04,90.42,3.0,98.08,0.0,-4.54,334.84,6.38,0.91,4.6,81.82,99.87,63.33,9.04,0.0,690.14,54.14,80.0,15.79,63.19,67.6,50.82,64.62,28.14,14.46,8.43,33.33,77.11,20.04,8.29,143.58,18.08,143.58,0.79,294.76,0.0,32.26,17.74,51.58,16.78,98.44,5.74,1098.0,72.26,0.9,36.17,8.2,0.81,20.53,60.75,127.81,6.73,117.54,8.17,-4.54,15.56,31.04,18.7,12.66,36.86,196.08
222,48080,20.0,8.67,0.0,152.39,44.9,1.62,0.99,0.0,3.0,98.08,0.0,-1.86,183.17,13.52,9.63,942.98,20.0,87.37,25.53,3.25,2.43,382.52,76.22,100.0,2.95,52.0,67.8,47.34,53.05,18.62,19.59,13.04,1.0,67.37,8.99,12.49,110.49,6.5,110.49,0.73,1.62,1.38,4.25,19.38,55.44,16.13,89.18,1.82,12353.0,77.47,1.14,152.39,1.46,17.5,0.84,17.1,76.0,4.36,8.12,8.67,-1.86,1.3,5.53,-2.03,10.39,22.51,6.3
223,20075,50.0,13.96,48.42,131.05,32.9,1.72,3.39,7.21,1.0,96.71,0.0,3.45,155.18,15.22,8.99,326.72,50.0,69.36,48.97,3.44,3.46,298.25,73.16,100.0,4.95,52.75,70.6,34.81,54.38,15.56,19.7,6.85,6.78,73.45,5.88,15.51,123.9,13.74,123.9,0.59,5.5,0.0,34.33,18.77,52.13,15.04,92.53,4.93,5783.0,83.2,1.2,131.05,1.21,2.47,0.17,61.02,88.46,27.69,20.78,11.03,3.45,0.15,6.81,6.25,10.51,11.29,9.63
224,1057,50.0,3.15,0.0,664.56,46.4,0.0,0.0,0.0,2.0,99.73,0.0,-9.46,291.36,9.43,3.14,37.41,50.0,99.43,64.17,31.65,0.0,492.86,7.93,0.0,0.0,59.24,67.6,25.24,70.05,27.04,5.88,69.12,33.33,25.0,18.87,11.32,284.84,31.65,284.84,0.96,0.0,0.0,0.0,8.45,39.53,14.19,100.0,5.97,318.0,32.58,3.16,664.56,25.16,1.67,72.12,4.24,111.38,14.08,63.29,3.15,-9.46,12.23,35.45,-5.36,16.29,27.6,30.3
225,1060,100.0,13.51,0.0,506.99,53.7,0.0,0.0,0.0,2.0,99.73,0.0,-10.14,305.78,0.0,0.0,16.22,100.0,100.0,64.44,0.0,0.0,304.16,14.66,66.67,0.0,51.04,65.5,20.27,50.25,21.97,9.09,36.36,59.26,54.55,3.28,9.51,56.01,34.97,56.01,0.7,0.0,0.0,545.45,11.87,43.17,13.31,100.0,14.43,305.0,46.49,3.5,506.99,-36.07,0.69,69.63,5.16,122.22,7.69,34.97,6.76,-10.14,6.87,39.6,18.68,6.99,36.41,27.03
226,48095,80.0,12.88,0.0,128.58,37.5,0.0,4.46,0.0,3.0,96.44,0.0,2.31,182.12,8.29,3.32,255.42,80.0,87.69,31.82,3.29,0.0,287.83,32.01,0.0,4.49,18.38,69.5,37.98,48.99,17.32,12.21,35.11,4.76,52.67,4.64,12.24,417.0,6.58,417.0,0.67,0.0,0.0,0.0,18.0,49.96,14.35,99.58,6.2,3014.0,74.08,0.33,128.58,4.64,3.59,3.14,70.08,88.46,46.46,64.78,10.57,2.31,0.99,15.8,4.04,12.03,13.06,10.23
227,20078,62.5,1.32,0.0,167.55,42.0,6.65,7.9,20.61,1.0,96.71,0.0,-5.28,141.58,10.49,3.28,94.14,62.5,98.48,43.75,6.65,0.0,332.85,79.42,0.0,4.17,38.96,67.5,27.06,59.52,19.93,32.8,13.6,20.0,53.6,4.59,13.31,387.15,6.65,387.15,0.75,6.65,0.0,0.0,18.95,53.67,15.4,97.71,8.85,1525.0,81.08,1.33,167.55,3.93,1.03,0.62,57.9,94.5,91.02,101.06,6.6,-5.28,2.25,11.53,0.0,16.24,22.81,20.83
228,1061,59.64,5.29,0.0,549.22,46.7,0.0,0.0,0.0,1.0,99.73,0.0,0.0,227.27,0.0,0.0,15.42,60.61,100.0,100.0,0.0,0.0,284.63,26.84,0.0,0.0,52.03,66.4,21.16,46.83,15.14,0.0,7.14,45.45,92.86,10.81,12.97,-16.23,0.0,-16.23,0.67,67.36,0.0,0.0,23.43,62.86,22.86,100.0,1.08,185.0,84.78,0.0,549.22,10.81,1.18,37.92,41.42,131.39,14.18,103.63,5.29,0.0,3.78,26.34,31.21,5.13,24.56,68.97
229,1062,50.0,57.89,0.0,368.15,66.8,0.0,13.36,0.0,1.0,98.08,0.0,-15.79,145.79,0.0,0.0,9.54,50.0,99.12,19.86,0.0,0.0,1045.0,35.86,0.0,0.0,58.98,65.8,36.84,64.63,25.46,13.64,18.18,26.92,68.18,5.31,10.34,280.06,0.0,280.06,0.77,0.0,0.0,0.0,19.66,50.28,13.48,89.66,6.1,377.0,85.28,0.0,368.15,34.48,0.58,35.16,41.85,123.9,17.32,104.44,5.26,-15.79,1.66,23.23,1.89,10.96,41.21,51.28
230,48905,66.67,12.74,0.0,340.35,39.1,3.09,4.66,12.38,3.0,98.08,0.0,-1.55,180.65,14.67,11.55,160.15,66.67,80.81,15.29,3.09,9.37,264.72,35.81,78.33,13.08,37.88,68.4,80.17,54.58,19.48,10.31,22.21,1.76,67.48,14.05,12.64,501.43,24.75,501.43,1.19,26.92,0.0,189.87,18.13,58.31,20.28,96.31,5.34,3203.0,68.54,0.93,340.35,6.87,11.4,3.0,41.5,94.38,11.32,79.83,8.7,-1.55,1.79,8.16,8.47,17.18,16.71,14.29
231,48097,12.5,10.45,0.0,196.02,41.7,5.85,4.81,0.0,3.0,98.08,0.0,0.58,184.7,5.76,3.46,173.5,12.5,96.52,18.02,5.85,0.0,316.23,102.7,0.0,4.44,61.0,63.8,66.2,58.01,17.87,18.81,26.15,4.1,55.05,4.61,13.83,32.13,0.0,32.13,1.72,0.0,0.0,0.0,15.61,52.13,16.58,100.0,2.88,1735.0,86.07,0.59,196.02,0.58,3.5,1.7,69.0,82.7,22.86,46.81,8.71,0.58,2.14,4.84,5.22,12.95,35.72,16.95
232,20079,84.85,10.56,30.94,134.96,34.6,3.97,1.78,2.43,3.0,98.9,10.81,2.83,157.3,17.32,11.98,1582.0,84.85,68.41,52.53,3.09,0.44,268.14,41.51,97.8,4.3,35.7,71.5,43.37,56.63,15.27,16.54,8.77,2.47,74.7,7.34,16.11,404.39,7.5,404.39,0.52,98.24,0.0,25.38,15.93,66.19,26.18,75.29,6.3,22627.0,56.15,1.28,134.96,6.01,11.72,3.78,28.18,87.87,20.76,15.36,10.38,2.83,1.61,16.16,12.09,6.83,9.65,8.72
233,48024,37.5,20.52,0.0,218.13,55.0,7.68,0.0,0.0,3.0,96.44,0.0,-2.28,186.65,6.02,2.26,19.85,37.5,100.0,69.15,7.68,7.52,248.56,47.94,0.0,6.25,30.65,70.0,45.59,58.9,20.23,14.63,4.88,24.07,80.49,10.53,13.76,415.76,7.68,415.76,0.64,206.61,0.0,0.0,21.14,62.48,25.3,90.0,6.69,1330.0,84.95,0.77,218.13,1.5,0.21,0.61,70.04,119.11,7.25,7.68,9.12,-2.28,1.72,13.26,13.38,23.33,33.38,22.47
234,48025,66.67,5.68,0.0,77.36,48.1,0.0,5.21,0.0,1.0,100.0,0.0,-6.62,181.22,3.8,0.95,22.38,66.67,97.78,50.24,9.43,0.0,342.42,30.62,61.97,7.14,45.57,63.3,35.0,65.46,22.68,30.99,7.04,16.42,61.97,6.64,13.57,206.27,9.43,206.27,0.77,29.25,0.0,293.39,18.19,57.38,21.93,98.9,2.47,1054.0,83.52,0.94,77.36,3.8,0.17,0.53,86.16,120.76,9.76,7.55,7.57,-6.62,6.34,12.81,13.33,24.19,32.15,14.18
235,20025,100.0,1.99,0.0,305.23,46.6,6.54,7.34,0.0,3.0,96.71,0.0,3.97,156.77,6.03,2.01,42.63,100.0,97.71,76.9,6.54,0.0,405.66,27.06,0.0,5.45,42.5,62.2,20.52,52.4,18.43,10.62,23.01,18.02,66.37,6.7,11.86,-489.69,13.07,-489.69,0.7,18.95,0.0,0.0,17.14,56.18,14.1,100.0,8.98,1492.0,77.83,0.65,305.23,16.76,0.78,0.11,79.03,93.51,12.09,21.57,10.59,3.97,5.22,14.07,14.15,28.15,30.91,30.77
236,20026,37.5,0.0,0.0,293.17,37.9,0.0,0.0,0.0,3.0,96.71,0.0,8.13,156.25,0.0,0.0,23.14,37.5,98.86,55.56,0.0,0.0,310.54,63.97,0.0,25.0,30.3,67.5,32.52,55.77,19.34,4.76,28.57,34.21,66.67,20.58,11.52,-93.06,0.0,-93.06,0.86,96.39,0.0,0.0,14.54,51.98,18.94,95.45,1.23,243.0,86.24,0.0,293.17,-4.12,0.37,0.38,67.62,147.4,97.44,152.61,8.13,8.13,3.79,12.1,0.41,34.93,18.18,34.48
237,20027,13.33,20.79,0.0,185.38,36.4,0.0,4.69,9.88,3.0,98.9,0.0,7.4,213.56,7.47,5.17,79.61,13.33,91.61,30.31,2.82,11.5,376.27,65.12,95.95,5.07,49.4,68.6,37.59,60.1,18.97,11.43,20.0,17.89,68.57,7.76,14.49,178.09,8.47,178.09,0.68,136.0,0.0,111.95,16.28,52.37,17.65,93.03,4.0,3479.0,69.58,0.56,185.38,11.21,2.17,0.76,57.19,110.15,11.09,29.63,16.8,7.4,3.22,23.22,9.33,20.3,16.95,14.87
238,48913,40.0,12.95,0.0,698.14,42.2,0.0,4.34,32.19,3.0,98.08,0.0,-7.91,183.05,2.17,4.34,125.64,40.0,96.0,33.88,7.15,14.47,274.03,108.06,83.33,0.0,64.74,67.8,171.22,47.33,18.89,18.24,9.46,7.75,72.3,22.43,10.35,1506.0,0.0,1506.0,0.69,15.02,0.0,181.82,20.28,61.75,20.35,98.03,2.68,1382.0,74.71,1.43,698.14,1.45,19.76,3.18,8.36,92.12,1.38,21.46,6.47,-7.91,0.77,9.43,17.12,9.08,23.69,41.38
239,1018,62.5,47.85,1787.0,1092.0,40.8,0.0,0.0,0.0,3.0,99.73,0.0,3.59,322.08,32.14,30.32,16.15,62.5,98.09,34.02,5.9,0.0,242.9,20.32,100.0,6.12,39.36,72.4,120.22,46.32,13.16,15.33,4.0,16.23,80.67,9.7,14.55,107.54,5.9,107.54,0.84,31.29,0.0,53.57,20.3,68.42,28.15,98.2,2.43,1649.0,88.66,0.59,1092.0,0.61,1.85,17.07,52.3,158.97,1.06,11.81,8.97,3.59,3.78,10.5,37.65,5.54,18.99,40.16
240,48915,100.0,22.39,0.0,73.53,9.1,24.51,0.0,0.0,0.0,98.9,0.0,14.93,198.61,0.0,0.0,20.93,100.0,89.04,100.0,0.0,0.0,290.29,69.98,0.0,0.0,40.0,79.6,29.85,59.04,23.99,7.69,7.69,31.82,84.62,15.15,8.59,475.22,0.0,475.22,0.2,0.0,0.0,0.0,20.31,52.6,15.1,100.0,1.77,396.0,90.91,0.0,73.53,7.58,0.24,0.08,76.73,94.0,17.78,19.61,24.88,14.93,10.6,22.99,13.55,21.6,0.88,23.26
241,20028,16.67,5.39,0.0,140.27,40.1,0.0,5.65,5.42,1.0,96.71,0.0,-3.59,156.68,5.01,2.15,180.45,16.67,85.57,33.23,3.62,0.0,383.86,47.93,98.12,4.65,52.75,70.8,36.66,56.87,16.2,22.48,18.99,7.88,58.53,6.79,15.48,223.37,0.0,223.37,0.71,8.32,23.86,203.9,15.68,47.92,14.63,94.87,4.5,2797.0,80.75,1.08,140.27,2.15,2.44,0.06,57.61,94.66,12.17,16.63,7.91,-3.59,1.17,7.73,1.23,13.29,11.97,14.35
242,1063,40.0,35.48,0.0,522.7,31.7,4.16,3.49,0.0,1.0,99.73,0.0,0.83,296.94,6.28,4.6,19.51,40.0,98.63,42.27,4.16,8.37,221.9,16.19,100.0,4.49,45.75,70.0,26.29,63.03,14.39,16.28,2.91,16.32,80.81,9.62,19.37,414.95,4.16,414.95,0.71,73.3,0.0,240.58,17.01,67.42,28.17,95.77,6.74,2390.0,81.36,0.42,522.7,5.86,2.11,0.36,69.36,157.03,6.01,64.56,9.18,0.83,2.54,14.39,46.0,9.9,15.8,12.71
243,20081,70.0,10.2,58.05,221.16,31.9,4.28,2.42,4.93,3.0,98.9,0.0,5.16,156.69,14.32,9.48,821.68,70.0,68.94,33.42,3.21,2.15,273.78,29.39,82.16,3.93,25.1,75.4,40.6,56.42,15.27,15.16,12.18,4.33,72.67,6.46,16.19,276.16,8.57,276.16,0.52,17.03,0.0,128.47,18.37,60.71,19.81,76.09,3.98,9285.0,57.41,0.96,221.16,0.54,8.86,0.44,23.45,89.98,7.09,7.6,13.1,5.16,0.1,21.95,11.45,16.71,10.89,3.9
244,20080,33.33,12.01,32.66,540.2,38.9,0.0,2.51,7.97,3.0,96.7,0.0,-0.3,145.75,13.86,9.2,555.16,33.33,76.29,39.74,3.99,0.99,334.48,55.82,88.43,1.01,15.2,69.2,29.29,63.42,21.43,16.12,7.61,4.27,76.27,5.34,13.5,7.51,10.96,7.51,0.55,12.25,0.6,52.15,14.03,49.52,15.26,79.82,4.45,10104.0,69.8,1.2,540.2,2.97,3.63,0.27,64.34,83.4,12.42,8.17,9.33,-0.3,7.09,0.52,-0.22,3.92,17.16,10.42
