,2009_1,2017_2,2009_3,2009_4,2016_5,2009_6,2017_7,2009_8,2016_9,2013_10,2015_11,2017_12,2017_13,2017_14,2017_15,2017_16,2009_17,2001,2017_19,2016_20,2017_21,2005_22,2005_23,2016_24,2017_25,2005,2011_27,2017_28,2017_29,2017_30,2017_31,2017_32,2017_33,2017_34,2017_35,2017_36,2016_37,2013_38,2016_39,2016_40,2017_41,2016_42,2016_43,2016_44,2016_45,2016_46,2011_47,2017_48,2017_49,2011_50,2015_51,2009_52,2017_53,2017_54,2016_55,2016_56,2016_57,2009_58,2009_59,2017_60,2017_61,2006,2007,2017,2011_65,2016_66,2009_67
0,43.75,14.08,0.0,185.36,43.9,0.0,6.35,0.0,3.0,98.9,62.84,2.79,173.9,8.37,5.45,208.83,43.75,88.98,20.55,3.98,2.66,212.71,44.28,100.0,3.96,43.85,73.8,38.39,63.42,18.33,12.54,17.92,4.56,64.98,6.38,16.76,57.19,9.33,57.19,0.73,17.95,9.17,0.0,22.59,59.42,18.22,94.05,4.53,7522.0,66.02,1.06,185.36,0.8,4.21,1.19,53.53,89.7,8.75,10.4,9.04,2.79,0.88,12.94,5.35,13.36,12.91,8.5
1,25.0,3.07,0.0,269.94,52.0,0.0,24.52,0.0,3.0,99.18,19.48,-15.29,151.23,6.13,3.07,28.43,25.0,100.0,60.18,0.0,0.0,261.93,49.18,0.0,9.09,52.75,71.6,36.81,73.94,18.35,2.7,5.41,35.14,56.76,12.27,16.82,165.39,0.0,165.39,0.88,0.0,0.0,0.0,18.64,50.18,13.62,100.0,3.98,327.0,74.44,0.0,269.94,-3.06,0.21,1.39,52.43,107.2,103.45,92.02,3.06,-15.29,6.53,10.73,7.57,21.29,25.79,14.93
2,30.77,11.51,0.0,250.51,88.8,0.0,3.42,9.77,3.0,99.45,56.19,-3.35,174.27,6.59,2.82,589.8,30.77,94.7,26.64,3.13,3.14,480.39,92.71,145.16,3.35,42.44,67.2,35.56,55.27,17.24,17.56,13.13,1.98,67.33,5.65,13.72,28.05,6.19,28.05,0.76,0.42,0.0,56.53,24.26,61.09,17.39,84.89,1.98,9543.0,80.36,1.46,250.51,3.25,14.68,2.1,35.72,78.4,8.6,14.6,6.29,-3.35,0.82,8.6,-0.69,11.36,32.58,18.13
3,80.0,14.86,0.0,326.34,42.2,46.62,13.52,0.0,3.0,99.18,37.23,-4.24,151.99,2.12,2.12,67.05,80.0,100.0,27.52,0.0,0.0,301.7,39.12,0.0,5.88,52.75,66.1,44.59,70.4,13.98,14.43,31.96,4.12,49.48,12.74,21.61,584.2,0.0,584.2,1.54,116.53,0.0,0.0,23.45,62.89,18.3,100.0,0.85,472.0,81.7,2.13,326.34,2.12,4.56,4.26,65.34,113.4,5.03,37.3,6.36,-4.24,1.59,8.34,27.57,16.82,12.62,24.1
4,33.33,13.08,0.0,114.6,40.9,0.0,5.29,4.98,3.0,100.0,35.35,0.48,149.92,3.39,2.91,37.76,33.33,98.11,51.55,4.89,4.8,331.52,64.61,70.0,2.74,28.6,73.4,15.98,68.12,16.66,13.57,16.28,27.91,42.25,13.56,18.48,686.99,4.9,686.99,0.77,369.66,0.0,57.64,16.74,56.58,19.75,100.0,4.75,2083.0,75.42,0.0,114.6,-2.88,0.89,2.01,51.42,108.9,4.49,9.97,10.08,0.48,3.98,20.39,13.89,22.76,15.24,14.97
5,20.0,6.46,0.0,338.98,45.3,0.0,9.16,0.0,2.0,100.0,17.01,2.59,206.5,6.46,1.29,118.2,20.0,96.88,25.19,12.9,0.0,198.13,24.91,0.0,5.71,28.8,73.4,7.75,62.74,12.94,5.56,20.83,20.83,52.78,7.75,22.25,498.85,0.0,498.85,0.74,36.22,0.0,0.0,22.66,51.51,13.79,100.0,6.34,773.0,75.94,0.0,338.98,-3.88,4.59,6.57,36.39,110.8,4.88,16.95,6.47,2.59,4.53,22.03,21.16,8.09,26.04,40.98
6,66.67,2.12,0.0,64.44,15.9,0.0,10.65,88.89,3.0,100.0,9.71,-4.22,170.07,2.12,0.0,66.57,66.67,100.0,2.92,0.0,0.0,249.98,33.18,0.0,0.0,41.51,72.1,21.19,66.9,21.31,7.69,7.69,26.92,57.69,6.36,14.14,475.29,0.0,475.29,0.74,40.08,0.0,0.0,24.34,67.54,26.01,100.0,1.05,474.0,75.12,0.0,64.44,-4.22,1.9,4.63,57.16,130.6,9.32,33.33,10.55,-4.22,10.03,15.05,7.24,13.86,31.75,32.79
7,66.67,12.31,0.0,215.87,41.8,31.75,20.46,0.0,3.0,99.18,38.04,-6.25,178.49,0.0,0.0,25.18,66.67,98.86,56.67,0.0,0.0,359.25,63.51,0.0,15.38,52.75,71.8,9.23,80.79,20.0,14.29,20.0,31.43,34.29,12.31,20.62,169.48,0.0,169.48,1.17,34.38,0.0,0.0,18.92,52.12,20.46,91.67,1.25,320.0,84.13,0.0,215.87,0.0,0.67,0.47,65.3,119.5,1.79,3.17,9.38,-6.25,3.93,6.95,5.96,25.15,32.96,19.61
8,59.64,17.84,0.0,360.57,45.1,11.43,5.32,14.29,3.0,99.18,87.42,-4.01,151.23,10.93,2.88,225.29,60.61,95.0,51.13,5.78,5.73,301.24,43.29,0.0,4.65,52.75,59.9,22.44,75.65,20.68,16.42,17.16,1.49,64.93,5.75,17.47,50.61,5.73,50.61,0.65,0.0,0.0,0.0,19.49,55.51,16.41,100.0,10.77,1746.0,84.16,0.0,360.57,2.86,2.62,0.26,71.23,90.4,19.96,36.58,6.3,-4.01,1.55,5.86,3.5,17.68,25.0,7.25
9,75.0,3.81,0.0,128.96,34.2,0.0,3.78,0.0,3.0,100.0,53.37,2.75,135.99,3.12,0.69,146.6,75.0,91.3,47.37,3.5,0.0,269.73,13.71,112.0,4.85,21.02,78.5,18.37,61.39,10.44,15.25,11.3,9.04,64.41,4.16,22.38,185.86,6.84,185.86,0.7,0.0,0.0,82.24,21.05,66.05,21.57,96.53,8.93,2913.0,82.56,0.0,128.96,10.99,5.85,56.06,32.91,112.3,9.94,47.9,7.55,2.75,4.55,15.25,26.38,11.93,10.73,8.85
10,0.0,5.51,0.0,201.13,41.7,0.0,25.53,0.0,3.0,99.18,29.24,13.62,210.34,5.51,2.75,30.56,0.0,97.67,100.0,0.0,0.0,261.52,61.54,0.0,12.5,52.75,69.3,8.26,76.44,14.71,8.33,5.56,30.56,55.56,8.26,26.16,137.62,0.0,137.62,0.89,32.7,0.0,0.0,20.27,56.36,17.87,100.0,2.45,367.0,86.54,0.0,201.13,2.72,0.32,0.66,68.94,139.8,12.5,14.16,19.07,13.62,4.66,8.33,13.98,12.74,22.84,13.7
11,87.5,9.03,0.0,318.25,39.8,0.0,2.99,8.84,3.0,99.45,33.82,-1.38,171.08,5.9,2.78,143.56,87.5,91.09,49.4,3.5,0.0,514.3,91.62,0.0,5.33,37.68,64.4,40.64,64.03,21.34,15.81,19.07,6.98,58.14,6.95,14.17,2.07,10.55,2.07,0.58,4.14,0.0,0.0,18.78,56.96,18.58,100.0,4.38,2900.0,83.38,0.7,318.25,4.48,2.12,0.3,51.49,76.8,6.86,10.96,10.34,-1.38,3.32,6.02,3.42,14.46,33.45,11.73
12,100.0,5.85,0.0,213.84,55.6,62.89,0.0,0.0,3.0,99.18,14.08,5.88,170.27,5.85,5.85,69.11,100.0,100.0,100.0,0.0,0.0,213.68,36.01,0.0,0.0,38.96,68.8,17.54,95.4,17.65,31.25,6.25,18.75,43.75,5.85,25.29,319.85,0.0,319.85,0.63,47.06,0.0,0.0,14.79,63.38,26.76,100.0,1.76,170.0,82.09,0.0,213.84,-5.88,1.54,3.66,62.6,137.4,163.16,389.94,11.76,5.88,2.4,11.68,8.97,20.55,40.85,54.05
13,80.0,4.76,0.0,221.11,53.6,25.13,26.82,50.25,3.0,99.18,81.76,7.03,147.62,0.0,0.0,43.66,80.0,98.82,26.55,0.0,0.0,382.39,54.38,0.0,20.0,52.75,66.5,4.76,61.13,11.94,15.56,20.0,11.11,53.33,2.38,18.97,255.36,0.0,255.36,1.02,0.0,0.0,0.0,21.27,63.49,23.49,92.5,3.98,427.0,83.65,0.0,221.11,2.34,0.82,0.41,68.71,141.7,4.4,10.05,9.37,7.03,2.19,6.1,12.66,21.11,27.84,32.61
14,100.0,6.4,0.0,25.15,46.1,10.06,5.39,0.0,2.0,99.18,32.37,-3.21,152.96,5.34,0.0,45.46,100.0,98.47,40.23,10.66,0.0,262.09,28.46,0.0,7.69,45.39,63.4,16.01,71.43,21.26,21.35,12.36,29.21,37.08,6.4,16.24,384.31,10.33,384.31,1.0,12.82,0.0,0.0,15.43,41.8,12.52,98.28,4.7,936.0,66.84,0.0,25.15,5.34,0.86,0.24,62.75,100.9,33.33,67.4,8.55,-3.21,5.1,9.31,-1.89,20.4,30.93,20.98
15,44.0,10.37,20.35,170.07,39.7,1.67,1.84,3.73,3.0,98.9,69.28,0.11,150.54,9.73,6.82,322.53,44.0,76.28,25.84,3.18,1.58,276.2,65.74,104.42,5.34,43.85,75.7,23.11,65.33,19.45,17.15,8.08,2.42,72.34,6.19,15.56,170.81,4.84,170.81,0.64,7.49,0.0,79.76,20.42,62.93,22.52,79.93,8.17,18955.0,61.53,1.17,170.07,11.13,6.69,0.41,63.76,91.9,5.87,6.9,8.76,0.11,0.83,5.99,8.92,9.67,20.43,9.14
16,66.67,7.06,0.0,183.57,53.9,0.0,0.0,72.46,3.0,100.0,10.05,0.0,173.65,0.0,2.35,32.54,66.67,98.04,24.75,0.0,23.53,244.78,43.18,0.0,0.0,42.0,68.9,25.88,68.65,21.18,14.29,9.52,9.52,66.67,11.76,14.12,119.43,0.0,119.43,0.78,23.53,0.0,0.0,17.65,53.48,18.18,100.0,4.0,425.0,70.45,0.0,183.57,0.0,0.85,0.61,82.92,166.8,24.73,55.56,16.47,0.0,16.41,31.58,3.91,18.58,27.46,30.3
17,85.71,10.41,33.3,206.57,42.5,1.99,3.85,8.16,3.0,100.0,71.67,-0.19,181.55,9.93,6.62,107.11,85.71,83.52,29.44,3.9,3.89,481.64,27.11,107.46,4.39,43.32,73.6,20.44,64.58,20.82,12.66,8.73,9.87,68.73,6.33,14.63,34.87,8.79,34.87,0.66,7.68,0.39,29.4,22.05,61.81,20.59,73.78,5.9,10291.0,56.5,1.17,206.57,4.66,3.25,2.45,58.03,96.9,12.08,29.85,10.11,-0.19,7.14,19.29,4.17,14.12,20.48,10.69
18,21.21,12.64,19.07,133.82,46.6,0.68,2.17,3.41,3.0,100.0,49.19,-2.46,160.7,8.61,4.71,539.13,21.21,86.94,38.5,4.11,2.73,335.49,55.82,123.89,4.91,57.28,71.4,15.03,71.89,22.03,15.03,10.29,2.87,71.81,4.44,15.64,191.76,8.19,191.76,0.61,1.43,0.0,35.0,20.9,58.71,17.89,75.96,5.2,14659.0,71.9,1.64,133.82,2.93,5.7,1.36,58.0,79.7,26.37,19.64,6.69,-2.46,1.2,10.67,3.12,9.78,23.22,8.51
19,100.0,4.93,0.0,156.22,33.9,5.41,5.66,0.0,3.0,99.18,84.07,3.4,147.89,7.39,3.94,502.68,100.0,91.41,38.97,5.01,0.0,224.91,31.99,0.0,4.26,52.75,68.1,28.59,60.51,15.62,14.29,12.78,5.26,67.67,5.42,17.47,27.68,5.28,27.68,0.74,3.4,0.0,0.0,22.36,58.26,18.3,96.71,6.7,2061.0,85.1,0.0,156.22,0.49,5.39,0.73,51.95,82.7,4.12,5.41,9.7,3.4,0.48,4.15,15.33,10.72,9.24,9.38
20,59.64,18.02,0.0,261.92,49.1,9.25,5.3,14.81,3.0,98.9,45.6,-2.79,154.41,6.93,3.7,77.07,60.61,94.17,23.31,4.6,0.0,287.23,77.31,37.5,6.25,31.45,71.9,21.26,73.61,19.62,14.63,7.32,13.01,65.04,4.62,18.64,191.79,9.12,191.79,0.67,5.58,0.0,18.96,24.2,67.37,22.52,100.0,3.11,2151.0,63.14,0.46,261.92,5.11,1.01,0.54,77.71,96.0,10.99,13.88,6.97,-2.79,8.65,7.81,1.41,17.31,20.41,17.86
21,28.57,37.97,0.0,892.86,73.0,0.0,0.0,0.0,3.0,100.0,13.51,-6.29,165.4,6.33,12.66,58.46,28.57,100.0,100.0,0.0,62.89,293.96,64.37,0.0,0.0,48.71,59.4,82.28,69.15,12.58,22.73,4.55,9.09,63.64,18.99,23.27,148.64,0.0,148.64,0.87,264.15,0.0,0.0,25.36,73.91,27.54,100.0,3.77,159.0,85.71,0.0,892.86,18.87,5.44,5.88,75.74,108.5,2.84,35.71,6.29,-6.29,1.05,9.55,63.92,16.13,31.58,100.0
22,33.33,110.05,0.0,435.78,41.1,0.0,15.64,0.0,3.0,99.18,0.0,-14.22,142.84,14.35,19.14,155.15,33.33,100.0,19.32,0.0,47.39,264.5,69.44,0.0,0.0,30.8,67.8,43.06,77.31,20.85,14.81,7.41,7.41,70.37,9.57,16.59,261.58,0.0,261.58,1.4,0.0,0.0,0.0,23.4,69.15,25.53,92.86,8.53,211.0,88.76,0.0,435.78,4.74,4.56,2.94,55.15,138.6,42.42,64.22,4.74,-14.22,0.7,9.98,14.67,10.84,25.3,47.62
23,66.67,5.34,0.0,66.8,43.0,0.0,8.63,0.0,3.0,98.9,15.06,2.67,170.5,2.0,0.0,18.98,66.67,95.61,49.37,6.66,0.0,293.72,14.87,0.0,5.13,31.45,68.9,18.01,73.95,20.99,7.23,9.64,28.92,54.22,6.0,16.04,-38.52,13.53,-38.52,0.83,18.72,0.0,0.0,24.1,65.27,25.57,100.0,1.4,1496.0,89.22,0.67,66.8,-0.67,0.16,0.93,78.9,119.8,4.5,3.34,10.7,2.67,9.78,9.21,0.2,15.33,16.41,16.95
24,50.0,10.15,0.0,461.54,64.8,0.0,21.43,0.0,3.0,98.9,18.6,-14.6,159.28,0.0,0.0,116.1,50.0,87.14,57.75,0.0,0.0,254.66,63.14,0.0,0.0,27.94,68.5,48.22,68.44,17.52,12.0,4.0,8.0,76.0,7.61,18.98,85.24,0.0,85.24,0.74,24.33,0.0,0.0,23.33,70.0,25.76,100.0,4.62,411.0,91.98,0.0,461.54,0.0,3.73,2.26,59.89,120.3,1.02,3.08,2.43,-14.6,0.14,6.99,34.75,17.68,40.32,50.0
25,37.5,1.66,0.0,302.98,40.9,8.76,3.74,0.0,3.0,98.9,84.3,2.51,176.26,9.13,1.66,131.14,37.5,95.93,72.38,8.24,0.0,363.3,51.41,0.0,6.45,58.78,64.7,34.85,62.94,18.23,18.07,1.2,13.25,67.47,7.47,15.22,245.83,16.52,245.83,0.62,102.84,0.0,0.0,20.58,64.15,23.18,100.0,9.03,1196.0,80.55,0.82,302.98,13.38,1.78,0.66,86.18,95.1,21.21,18.39,12.54,2.51,0.68,10.2,10.74,21.33,25.41,21.39
26,13.33,3.28,14.8,161.04,40.9,1.49,2.87,9.25,3.0,98.9,58.03,-0.29,151.31,7.71,3.71,260.39,13.33,77.69,28.79,2.86,0.0,306.64,76.58,184.41,5.29,24.5,79.1,13.56,71.98,20.97,14.21,11.58,3.16,71.05,5.0,16.62,140.77,7.15,140.77,0.6,4.56,2.28,115.57,21.97,65.9,23.53,89.73,4.79,7015.0,72.44,0.72,161.04,-0.14,2.53,0.26,55.79,87.7,24.31,18.36,8.84,-0.29,7.74,4.65,6.95,12.37,14.8,6.11
27,100.0,135.02,0.0,195.56,34.9,0.0,0.0,0.0,3.0,98.36,41.38,-16.74,216.37,0.0,0.0,18.46,100.0,100.0,31.01,0.0,0.0,808.64,9.46,0.0,0.0,54.32,68.2,59.07,52.23,13.39,4.35,17.39,21.74,56.52,8.44,17.99,34.22,0.0,34.22,1.04,20.92,0.0,0.0,20.83,64.06,18.75,95.0,6.28,239.0,86.67,0.0,195.56,-29.29,2.34,67.95,6.64,147.1,16.67,177.78,4.18,-16.74,0.96,18.61,20.1,21.17,32.1,62.5
28,31.25,51.1,0.0,494.35,35.0,0.0,9.59,70.62,3.0,98.36,29.21,5.52,347.21,5.52,2.76,5.9,31.25,98.53,75.24,0.0,13.79,285.43,18.95,0.0,8.7,48.45,67.9,27.62,70.99,24.41,10.0,7.78,43.33,38.89,5.52,15.31,236.49,14.01,236.49,1.02,57.93,0.0,0.0,21.5,56.7,17.91,100.0,5.52,725.0,73.73,0.0,494.35,-12.41,0.66,16.39,62.08,110.4,4.42,42.37,9.66,5.52,15.21,22.31,0.97,18.18,25.0,285.71
29,83.33,19.53,0.0,510.87,37.7,0.0,0.0,21.74,3.0,100.0,17.58,-4.17,181.08,5.14,3.08,42.35,83.33,98.61,44.24,0.0,0.0,264.86,25.21,0.0,10.53,37.68,69.7,49.33,62.71,17.92,10.08,23.53,5.88,60.5,3.08,15.52,12.52,0.0,12.52,0.94,9.38,0.0,0.0,20.38,66.89,26.69,94.12,1.35,960.0,83.33,0.0,510.87,7.29,2.47,0.66,73.31,113.4,13.19,46.74,5.21,-4.17,4.07,10.49,13.21,17.57,36.58,35.21
30,48.39,6.19,11.1,181.73,47.4,2.27,3.12,6.77,3.0,98.9,103.8,-3.91,157.37,12.19,7.96,667.79,48.39,74.03,19.14,3.64,1.82,339.55,50.91,131.02,5.28,17.3,72.8,21.84,70.22,24.18,12.1,7.96,1.28,78.66,5.73,13.22,104.69,6.8,104.69,0.59,6.78,1.55,28.79,20.96,61.18,21.34,66.26,6.27,21977.0,44.93,1.73,181.73,7.87,7.33,1.61,65.54,81.6,17.61,15.95,6.78,-3.91,5.87,3.5,-0.63,11.94,20.01,5.73
31,50.0,36.95,0.0,142.48,36.6,0.0,0.0,0.0,3.0,100.0,81.82,9.95,174.88,0.0,0.0,40.0,50.0,100.0,31.62,0.0,0.0,156.96,43.9,0.0,28.57,41.51,68.8,36.95,67.5,22.64,23.33,0.0,33.33,43.33,4.93,14.93,378.14,0.0,378.14,0.8,0.0,0.0,0.0,21.37,66.58,30.41,92.86,3.23,402.0,91.71,0.0,142.48,2.49,0.71,3.78,71.14,140.8,7.46,13.19,19.9,9.95,11.27,16.29,13.88,24.24,28.5,76.92
32,50.0,68.51,0.0,741.51,41.9,0.0,0.0,65.72,3.0,100.0,33.33,2.05,149.64,0.0,3.07,16.99,50.0,100.0,46.45,0.0,30.74,286.61,10.84,121.43,25.0,44.45,71.1,104.29,62.4,18.34,4.21,3.16,24.21,68.42,12.27,13.42,39.41,0.0,39.41,1.09,0.0,0.0,78.21,22.89,69.65,24.84,85.19,2.56,976.0,84.39,0.0,741.51,4.1,1.44,33.55,28.65,158.6,9.05,65.72,4.1,2.05,2.43,10.38,10.91,15.11,29.34,62.99
33,100.0,14.21,0.0,62.72,40.3,0.0,1.42,0.0,3.0,100.0,14.13,-3.55,273.85,0.0,0.0,38.63,100.0,100.0,100.0,0.0,0.0,250.78,78.67,0.0,20.0,54.47,68.2,19.54,57.54,19.5,13.51,13.51,24.32,48.65,5.33,11.35,28.17,0.0,28.17,0.93,12.41,0.0,0.0,17.79,66.34,28.63,100.0,3.37,564.0,87.45,0.0,62.72,3.55,0.31,0.21,66.3,126.9,9.43,17.92,10.64,-3.55,11.77,20.11,2.17,19.54,27.99,59.52
34,57.14,5.46,0.0,2.02,35.9,1.62,3.09,1.7,3.0,100.0,129.35,-3.34,173.58,6.77,3.59,758.97,57.14,71.15,37.94,3.26,0.82,297.26,40.09,127.92,3.75,35.41,71.7,26.67,57.2,16.55,17.17,13.46,0.7,68.68,4.97,14.91,20.69,4.85,20.69,0.59,14.43,0.0,75.86,18.35,62.37,22.57,94.45,3.87,12265.0,84.16,1.55,2.02,0.65,7.23,1.49,61.01,84.9,20.53,15.13,6.44,-3.34,1.92,6.86,-0.62,7.7,20.24,12.21
35,40.0,12.03,0.0,442.11,41.0,0.0,0.0,5.26,3.0,98.9,19.5,-2.67,173.19,2.67,4.01,60.8,40.0,99.22,27.4,13.39,13.35,288.81,45.82,0.0,12.5,49.43,72.6,34.76,69.46,21.76,7.59,20.25,10.13,62.03,6.68,14.69,102.67,0.0,102.67,0.92,29.37,0.0,0.0,22.64,72.04,28.72,100.0,2.67,749.0,89.31,1.34,442.11,5.34,2.88,1.87,74.27,110.9,12.17,30.26,8.01,-2.67,0.82,9.01,9.99,16.28,28.93,36.36
36,60.0,6.74,0.0,104.25,40.1,0.0,8.45,0.0,3.0,100.0,26.39,-8.1,557.0,2.7,1.35,20.24,60.0,100.0,92.13,0.0,0.0,297.82,87.41,100.0,7.14,47.61,60.0,24.26,59.7,22.81,15.29,4.71,42.35,37.65,8.09,11.2,131.24,0.0,131.24,0.96,89.07,33.74,0.0,22.04,61.54,17.01,95.0,2.83,741.0,82.27,0.0,104.25,1.35,0.32,0.0,60.06,122.8,10.26,21.95,8.1,-8.1,13.98,23.24,8.02,10.83,55.71,47.06
37,60.0,8.72,0.0,297.03,28.7,0.0,8.6,0.0,3.0,100.0,45.82,-3.83,172.38,7.63,4.36,67.44,60.0,88.89,46.65,5.43,5.47,360.66,22.3,172.22,4.92,65.34,66.0,34.33,64.18,16.79,14.17,7.87,17.32,60.63,7.08,17.99,208.84,5.5,208.84,0.72,7.65,0.0,175.9,22.36,67.81,21.81,97.38,3.77,1829.0,77.74,0.0,297.03,22.96,2.21,0.77,57.34,101.9,9.78,34.1,8.75,-3.83,14.92,23.27,7.46,11.22,17.78,14.87
38,82.61,11.62,0.0,353.57,51.7,0.0,18.27,0.0,3.0,100.0,28.38,-1.83,599.08,3.06,2.45,25.23,82.61,98.15,18.63,6.13,12.2,631.71,34.33,100.0,4.26,52.03,67.4,36.7,61.1,18.6,9.85,16.67,21.21,52.27,9.79,15.0,116.65,6.05,116.65,0.77,24.39,0.0,39.34,20.79,54.35,16.03,98.23,6.16,1640.0,59.0,0.0,353.57,11.59,2.08,25.28,52.39,103.7,3.97,29.76,4.88,-1.83,2.76,29.89,3.93,17.48,31.84,46.22
39,85.71,8.67,0.0,293.28,48.4,6.79,5.64,20.37,3.0,99.18,50.99,2.68,153.75,5.33,2.0,88.56,85.71,98.28,33.78,6.64,0.0,288.53,28.58,75.0,7.14,52.75,62.4,28.67,71.92,16.53,9.9,27.6,17.19,45.31,6.0,18.74,60.73,6.57,60.73,0.93,41.5,0.0,16.19,18.98,54.8,16.77,100.0,3.48,1494.0,76.05,0.0,293.28,11.38,2.19,0.65,44.87,112.9,28.1,81.47,9.37,2.68,4.16,10.74,2.61,15.05,24.09,6.87
40,60.0,8.86,0.0,328.1,64.5,2.12,4.67,2.97,3.0,100.0,157.89,12.18,172.68,8.36,6.36,506.84,60.0,94.24,43.94,3.4,1.65,259.92,39.7,50.0,3.19,44.0,75.3,39.97,56.06,11.7,14.48,19.42,2.77,63.33,7.86,20.26,-18.41,10.84,-18.41,0.85,18.27,0.0,25.32,22.36,69.36,24.72,99.51,4.72,6077.0,80.73,1.19,328.1,-2.3,8.32,9.2,42.37,85.8,15.46,32.7,16.62,12.18,6.68,10.46,38.55,17.77,13.48,11.75
41,50.0,5.9,209.46,264.67,52.1,17.96,8.06,0.0,3.0,99.18,29.04,0.0,153.9,4.72,1.18,28.9,50.0,96.28,75.98,5.88,5.93,234.99,30.78,0.0,6.78,54.6,63.9,21.25,86.2,22.64,15.93,3.54,27.43,53.1,4.13,19.62,84.23,5.88,84.23,0.69,28.45,0.0,0.0,21.63,59.02,22.11,99.21,4.74,1687.0,87.12,0.0,264.67,1.19,0.42,0.26,82.54,104.4,19.63,25.15,10.67,0.0,5.06,12.21,5.5,22.52,28.36,18.87
42,11.76,10.2,0.0,165.39,32.5,13.96,4.83,6.98,3.0,98.9,52.04,-8.03,174.16,5.1,1.46,58.67,11.76,93.3,22.12,7.28,0.0,203.0,20.63,0.0,4.76,43.85,68.6,16.76,60.05,20.66,9.89,17.58,9.89,62.64,10.2,13.5,144.56,7.18,144.56,0.82,42.34,0.0,0.0,20.94,53.8,17.59,100.0,3.87,1370.0,75.28,0.0,165.39,13.14,1.44,0.73,63.21,104.8,1.21,2.79,5.11,-8.03,0.76,15.82,-5.32,13.64,18.08,22.22
43,75.0,12.16,0.0,286.76,35.2,14.71,12.62,88.24,3.0,100.0,5.48,-10.64,173.65,3.04,0.0,25.76,75.0,98.21,63.77,0.0,0.0,276.49,76.53,0.0,10.53,42.0,66.2,13.68,83.8,27.36,14.29,12.24,18.37,55.1,6.08,14.13,183.73,15.29,183.73,0.97,0.0,0.0,0.0,21.81,59.06,20.13,100.0,1.82,658.0,76.23,1.52,286.76,-4.56,0.3,0.35,79.21,116.4,48.51,72.06,3.04,-10.64,16.26,25.21,-2.37,16.62,31.17,10.42
44,66.67,12.51,0.0,327.91,46.2,0.0,0.0,0.0,3.0,100.0,33.92,-0.34,281.6,1.69,1.35,21.03,66.67,98.03,53.97,3.39,0.0,341.19,18.98,85.14,2.02,46.62,73.7,22.99,64.67,16.0,11.9,12.27,37.17,38.66,6.42,19.13,24.74,0.0,24.74,0.91,39.07,20.21,29.47,22.83,64.35,21.4,99.51,1.48,2969.0,83.16,0.0,327.91,4.72,0.86,1.02,53.68,127.9,3.31,15.21,7.41,-0.34,9.97,19.22,12.68,18.15,27.84,4.21
45,88.89,5.38,0.0,240.75,47.2,2.1,2.76,4.4,3.0,95.07,39.33,2.31,152.38,15.19,11.31,212.22,88.89,83.27,41.69,3.41,2.04,281.17,34.38,134.29,4.65,22.2,76.5,16.96,72.46,20.31,11.8,9.63,7.22,71.35,5.52,16.66,131.38,8.92,131.38,0.66,10.96,1.09,29.83,16.71,57.11,20.79,75.06,6.52,14690.0,43.43,1.3,240.75,4.63,2.68,0.94,63.97,103.7,11.45,15.73,9.94,2.31,8.67,13.39,4.53,17.25,14.33,7.5
46,0.0,50.63,0.0,491.43,36.1,0.0,0.0,0.0,3.0,98.36,4.78,-12.82,244.52,12.66,6.33,7.21,0.0,100.0,77.97,62.89,0.0,1082.0,16.37,0.0,0.0,77.35,67.9,75.95,56.0,28.21,0.0,4.35,30.43,65.22,25.32,6.41,115.77,0.0,115.77,0.84,128.21,0.0,0.0,23.17,46.34,14.02,100.0,3.21,156.0,76.47,0.0,491.43,19.23,0.61,35.07,45.66,111.4,5.26,45.71,0.0,-12.82,7.65,22.79,-13.81,11.11,41.81,71.43
47,66.67,16.4,0.0,445.34,38.3,8.1,3.51,2.02,3.0,100.0,53.39,3.41,171.28,6.1,1.91,160.39,66.67,88.78,60.45,3.84,3.79,312.27,51.0,136.96,6.02,74.44,69.8,53.39,59.81,17.39,9.09,4.04,8.59,78.28,12.59,16.67,24.53,7.65,24.53,0.73,45.08,0.0,100.22,14.68,73.19,36.64,93.87,4.55,2640.0,81.08,0.77,445.34,3.03,5.4,0.97,67.01,89.8,10.72,28.34,9.85,3.41,12.04,20.3,20.6,12.27,17.15,16.76
48,50.0,0.0,0.0,208.33,68.2,83.33,42.42,83.33,3.0,99.18,16.67,-7.04,155.86,0.0,0.0,51.82,50.0,100.0,100.0,0.0,0.0,249.38,99.11,0.0,9.09,52.75,64.8,0.0,73.17,12.68,28.57,7.14,21.43,42.86,6.94,28.17,174.92,0.0,174.92,0.83,0.0,0.0,0.0,17.24,56.9,21.55,100.0,7.04,142.0,82.76,0.0,208.33,-7.04,1.06,0.36,54.74,120.8,25.0,41.67,0.0,-7.04,3.69,9.75,56.04,22.41,17.19,105.26
49,57.14,4.68,34.94,98.29,50.1,1.36,4.51,2.31,3.0,100.0,96.4,-3.23,171.77,11.82,7.02,346.26,57.14,84.21,42.47,3.92,1.29,315.22,46.29,122.78,4.31,39.09,67.7,38.98,69.64,22.61,13.9,7.05,1.52,77.52,5.98,14.52,124.42,6.39,124.42,0.57,4.39,0.0,102.86,20.44,58.04,16.89,77.06,6.76,7739.0,66.5,1.05,98.29,0.78,2.61,0.58,80.18,83.1,2.65,1.9,8.27,-3.23,13.8,20.49,8.92,15.94,28.71,7.9
50,41.67,3.81,60.55,85.58,55.0,1.41,1.64,1.28,3.0,99.45,112.97,-3.25,173.15,11.42,7.17,4012.0,41.67,76.37,34.49,3.2,0.5,421.98,86.42,126.88,4.4,37.68,68.4,49.08,64.5,22.37,16.24,3.27,0.35,80.14,5.81,13.31,33.94,6.39,33.94,0.5,8.77,0.93,34.98,18.45,57.06,18.75,71.87,6.21,100313.0,71.49,1.37,85.58,2.97,23.44,2.36,33.52,74.2,12.28,7.35,8.04,-3.25,1.96,2.41,4.05,8.28,36.54,4.93
51,100.0,8.53,0.0,24.88,43.5,20.17,3.85,0.67,3.0,100.0,47.22,-8.52,173.31,1.97,1.31,200.92,100.0,98.87,54.81,6.57,6.56,325.28,22.66,113.62,0.0,61.05,70.0,57.74,67.77,20.92,15.79,4.21,8.42,71.58,6.56,14.03,184.61,0.0,184.61,0.73,32.79,0.0,667.71,15.86,76.91,38.17,96.86,2.82,1525.0,89.36,0.66,24.88,6.56,5.73,1.58,26.22,123.1,40.4,26.9,5.25,-8.52,8.94,12.02,8.54,14.93,25.91,18.02
52,29.17,42.18,0.0,396.7,27.4,0.0,3.22,0.0,3.0,100.0,30.25,-13.36,373.15,2.22,0.0,9.23,29.17,99.35,94.76,11.07,0.0,301.44,9.56,106.06,13.33,48.36,75.5,35.52,62.68,18.71,6.78,5.93,50.85,36.44,7.77,14.03,67.71,0.0,67.71,0.96,37.86,0.0,196.43,22.48,66.63,25.76,90.28,4.23,898.0,82.48,0.0,396.7,5.57,1.34,24.2,41.79,146.4,1.9,25.27,5.57,-13.36,5.02,17.56,9.78,14.69,19.04,20.69
53,92.71,3.25,60.37,111.47,44.0,2.59,2.33,0.0,3.0,99.45,157.87,-4.82,174.1,12.63,7.99,5781.0,92.71,65.77,36.65,3.66,0.73,335.53,76.71,126.74,3.29,20.96,68.4,31.25,72.24,26.47,16.12,5.47,0.35,78.06,5.77,11.57,30.53,6.49,30.53,0.53,1.42,1.1,21.07,14.28,56.76,20.86,78.92,5.21,40877.0,71.31,1.39,111.47,4.67,44.37,3.68,11.6,73.3,14.92,10.25,6.65,-4.82,1.86,5.06,-5.49,9.74,32.8,3.96
54,66.67,3.26,0.0,577.51,47.4,0.0,0.0,0.0,3.0,100.0,7.41,-16.34,367.59,3.26,0.0,32.18,66.67,100.0,90.29,0.0,0.0,462.0,7.81,0.0,0.0,63.25,64.4,26.06,71.91,27.45,3.49,36.05,50.0,10.47,13.03,9.15,109.1,30.77,109.1,0.99,22.88,0.0,0.0,9.33,42.67,12.67,100.0,13.07,306.0,44.44,0.0,577.51,-3.27,2.2,59.31,9.46,122.3,1.99,12.16,3.27,-16.34,14.8,38.02,-14.29,12.03,30.86,47.62
55,44.44,6.55,33.19,131.21,42.8,1.46,2.3,1.39,3.0,99.18,90.85,-0.36,153.68,15.03,10.65,462.73,44.44,75.58,26.34,2.15,2.89,283.75,38.44,120.21,4.45,20.5,73.6,36.76,67.99,19.05,17.88,7.07,1.05,74.0,5.54,16.86,135.37,7.96,135.37,0.63,9.89,0.58,32.59,20.79,61.55,21.6,82.28,11.6,13854.0,62.69,1.08,131.21,1.59,4.76,1.1,72.91,83.9,6.92,5.63,8.16,-0.36,1.99,8.75,7.13,13.28,23.74,4.71
56,60.0,6.78,0.0,232.92,58.9,0.0,6.5,5.18,3.0,98.9,33.96,1.92,171.65,3.87,6.78,63.39,60.0,99.03,37.05,9.74,0.0,285.83,47.19,140.0,4.35,31.88,65.8,46.47,59.36,20.21,7.27,22.73,5.45,64.55,4.84,13.38,246.43,9.66,246.43,1.1,7.7,0.0,238.1,20.26,60.45,21.86,98.72,3.08,1039.0,80.68,0.97,232.92,2.89,1.83,0.12,81.21,97.0,7.26,17.6,9.62,1.92,0.67,1.92,5.8,21.62,47.01,15.27
57,0.0,12.12,0.0,87.43,50.2,109.29,0.0,0.0,3.0,95.07,12.2,6.13,155.44,0.0,0.0,9.85,0.0,100.0,75.56,0.0,0.0,557.12,119.25,0.0,16.67,28.8,59.1,12.12,61.39,15.95,15.38,11.54,30.77,42.31,12.12,15.34,312.52,0.0,312.52,1.02,122.7,0.0,0.0,17.7,55.75,21.24,100.0,4.29,163.0,85.96,0.0,87.43,6.13,0.16,0.97,74.32,179.7,7.69,10.93,6.13,6.13,9.43,12.45,-10.44,29.59,20.2,33.33
58,50.0,20.66,0.0,141.89,51.6,0.0,16.21,0.0,3.0,99.18,26.79,8.23,151.37,12.4,4.13,70.85,50.0,100.0,43.08,0.0,0.0,258.27,79.63,0.0,0.0,52.75,61.8,28.93,64.19,21.81,14.71,39.71,7.35,38.24,8.26,12.76,316.89,0.0,316.89,1.45,0.0,0.0,0.0,17.72,49.37,13.5,100.0,3.29,243.0,86.86,0.0,141.89,4.12,6.41,0.0,56.85,119.9,3.94,33.78,12.35,8.23,3.11,3.37,-20.59,22.3,27.82,22.73
59,88.89,3.13,0.0,211.91,42.5,0.0,1.48,3.11,3.0,99.45,57.84,2.12,171.36,2.99,1.28,809.28,88.89,89.85,44.03,2.87,0.0,231.87,26.03,50.0,3.27,50.48,77.6,39.18,67.62,16.42,11.14,4.81,3.04,81.01,3.99,18.78,-246.4,2.89,-246.4,0.64,0.0,0.0,12.07,14.74,73.34,34.84,99.4,3.21,7065.0,87.85,0.43,211.91,4.81,13.29,5.5,35.28,104.1,7.29,6.22,9.34,2.12,7.18,9.31,12.5,9.47,13.32,5.05
60,25.0,22.42,0.0,420.84,44.9,0.0,2.6,0.0,2.0,98.36,21.54,4.51,1779.0,0.0,0.0,12.32,25.0,99.48,13.52,0.0,0.0,346.47,10.11,0.0,0.0,55.94,65.8,22.42,81.56,28.67,5.68,23.86,37.5,32.95,8.97,12.87,203.2,20.96,203.2,1.44,0.0,0.0,0.0,19.5,56.88,19.72,100.0,4.51,443.0,67.38,0.0,420.84,11.29,1.66,72.28,16.54,108.9,14.14,114.23,11.29,4.51,2.78,22.49,-0.67,18.43,22.89,42.86
61,50.0,21.32,0.0,203.62,43.4,0.0,10.25,0.0,3.0,99.18,25.5,-5.56,152.35,5.56,0.93,23.63,50.0,99.16,40.39,9.28,0.0,222.35,47.39,80.0,5.26,65.8,65.6,32.44,69.28,17.78,20.21,9.57,24.47,45.74,3.71,17.87,258.74,9.47,258.74,0.89,20.37,0.0,26.04,19.66,51.43,14.88,97.18,1.76,1080.0,81.25,0.0,203.62,2.78,0.45,0.22,75.43,134.6,2.58,4.76,6.48,-5.56,1.61,7.72,7.68,23.51,18.31,5.43
62,35.0,12.16,0.0,190.54,41.6,2.05,2.86,11.27,3.0,98.9,74.34,-2.79,143.88,12.71,8.29,194.25,35.0,85.77,37.07,3.39,1.36,374.01,100.34,123.58,5.71,36.4,74.1,30.58,71.99,23.3,10.84,12.43,4.58,72.15,4.76,13.87,162.97,8.77,162.97,0.65,7.62,1.23,30.67,22.77,63.71,21.96,61.66,6.2,14691.0,51.77,1.29,190.54,0.54,3.18,0.57,70.01,89.4,7.61,7.04,7.22,-2.79,6.96,6.45,-0.89,15.06,24.04,9.76
63,45.0,2.91,8.21,9.98,44.2,2.94,3.22,0.88,3.0,100.0,42.77,-3.28,172.75,13.02,7.61,498.13,45.0,76.64,45.71,3.56,0.6,398.95,96.91,142.75,4.52,36.62,66.0,27.29,68.19,22.65,16.93,5.7,7.19,70.18,5.83,13.8,1.69,7.04,1.69,0.53,9.24,0.0,36.32,18.12,57.57,18.95,78.68,6.16,16777.0,51.11,1.6,9.98,9.3,2.29,0.39,62.41,89.3,18.04,9.63,7.51,-3.28,14.63,23.16,-0.29,18.41,34.65,2.7
64,26.32,15.94,0.0,469.57,47.5,0.0,0.0,0.0,3.0,98.36,27.47,-7.94,464.64,7.97,0.0,3.85,26.32,99.71,15.48,20.04,0.0,544.18,7.14,126.32,9.09,54.71,69.0,39.84,72.6,27.58,3.85,2.56,52.56,41.03,19.92,11.9,7.25,18.35,7.25,1.04,89.29,0.0,273.38,20.7,51.35,16.77,100.0,5.75,504.0,59.0,0.0,469.57,-1.98,0.65,19.06,58.17,112.3,2.4,34.78,3.97,-7.94,19.84,29.77,-13.25,26.05,27.15,63.49
65,75.0,16.29,0.0,313.86,33.0,7.79,5.49,0.0,3.0,100.0,20.24,-6.45,169.87,4.89,3.26,64.91,75.0,96.12,15.63,0.0,0.0,299.13,54.24,0.0,5.26,40.0,67.8,23.62,71.41,22.08,9.6,23.2,16.0,51.2,7.33,15.79,215.45,8.09,215.45,0.92,27.4,0.0,0.0,16.32,53.64,18.84,96.51,12.49,1241.0,69.29,0.0,313.86,20.95,1.45,0.94,72.59,118.3,4.4,10.9,4.03,-6.45,8.71,27.3,0.73,15.98,21.82,5.95
66,60.0,5.32,0.0,77.84,48.7,0.0,5.16,0.0,3.0,98.9,86.16,-3.83,157.11,6.38,3.4,157.82,60.0,84.15,39.59,2.12,2.13,276.91,74.31,0.0,3.97,43.85,69.8,24.04,69.49,19.94,10.0,23.0,5.5,61.5,4.89,17.27,137.83,10.45,137.83,0.71,2.98,0.0,0.0,20.6,56.94,17.62,94.61,6.43,4695.0,74.2,0.42,77.84,4.05,2.6,0.71,62.42,100.0,29.62,32.16,7.24,-3.83,0.56,14.06,-1.34,12.09,19.7,14.67
67,0.0,1.73,0.0,218.75,41.3,17.36,10.97,0.0,3.0,99.18,39.29,10.33,151.06,5.19,0.0,196.28,0.0,95.16,63.73,17.39,0.0,274.25,49.56,0.0,9.09,28.17,66.4,10.38,64.12,17.04,6.25,9.38,37.5,46.88,5.19,18.76,233.2,0.0,233.2,0.79,20.65,0.0,0.0,18.15,51.98,16.64,83.33,5.34,581.0,87.61,1.74,218.75,-8.61,2.47,0.34,54.05,99.8,29.73,38.19,12.05,10.33,3.93,4.19,-1.02,15.77,21.51,23.81
68,66.67,3.91,0.0,312.62,30.0,18.83,16.25,0.0,3.0,99.2,29.2,-3.94,212.8,3.91,1.95,36.97,66.67,97.99,72.06,0.0,0.0,452.05,107.16,0.0,5.56,47.61,64.8,1.95,67.11,15.94,8.0,8.0,38.0,46.0,9.77,18.7,302.59,0.0,302.59,0.82,70.87,0.0,0.0,18.53,57.14,17.41,100.0,4.33,508.0,76.07,1.94,312.62,5.91,0.99,0.07,59.39,203.5,17.39,37.66,7.87,-3.94,5.82,8.84,5.18,15.81,23.36,21.28
69,42.39,5.22,13.13,5.27,41.6,1.08,1.55,0.71,3.0,99.45,163.43,-4.11,173.66,13.64,8.68,8502.0,42.39,50.17,37.91,4.29,0.29,511.69,73.82,132.78,3.29,37.68,70.8,61.05,66.48,23.75,9.21,3.01,0.29,87.49,7.52,12.12,130.97,8.57,130.97,0.52,25.05,1.37,47.98,14.41,66.55,29.41,38.75,7.52,345110.0,41.01,2.22,5.27,6.48,31.46,1.8,19.71,82.0,13.3,4.95,7.19,-4.11,2.37,5.44,-2.28,9.43,44.08,2.99
70,75.0,6.0,0.0,147.56,33.0,0.0,17.55,0.0,3.0,100.0,20.72,-11.34,170.14,1.8,1.2,84.86,75.0,96.34,48.19,6.03,0.0,516.2,42.45,124.03,4.35,67.4,62.2,30.58,77.92,25.36,14.89,7.45,12.77,64.89,6.59,14.02,91.92,5.91,91.92,0.66,34.01,0.0,303.53,16.28,64.38,26.48,98.39,3.04,1676.0,84.31,0.0,147.56,0.0,2.44,0.56,71.29,106.0,59.55,150.4,4.18,-11.34,13.96,18.98,-3.18,12.89,32.5,28.57
71,100.0,27.51,0.0,324.16,50.3,0.0,8.28,133.21,3.0,98.36,13.99,-1.91,251.31,4.74,0.95,12.25,100.0,98.84,58.99,9.44,9.54,518.71,8.96,135.71,9.52,53.89,67.4,30.36,70.41,25.0,16.53,5.79,27.27,50.41,11.39,12.79,68.77,36.9,68.77,0.87,30.53,0.0,53.44,18.83,51.93,13.74,95.65,5.73,1048.0,64.66,0.0,324.16,18.13,0.75,28.77,62.78,105.3,3.66,15.1,7.63,-1.91,15.62,27.93,-5.24,17.47,20.38,32.26
72,100.0,25.5,64.72,185.74,51.9,7.43,6.58,0.0,3.0,100.0,93.57,-1.82,152.02,10.93,6.19,109.62,100.0,85.82,38.21,3.65,1.82,247.53,53.76,0.0,3.94,30.7,70.5,31.51,68.57,21.28,6.56,17.76,12.74,62.93,9.65,14.61,3.82,9.17,3.82,0.68,161.21,0.0,0.0,19.78,65.04,25.57,97.17,5.38,5502.0,63.98,0.91,185.74,2.18,2.28,1.0,52.32,94.1,4.02,8.36,6.0,-1.82,0.42,5.8,2.52,9.04,18.51,3.94
73,64.29,13.06,24.5,312.73,44.1,3.72,2.09,2.23,3.0,99.45,116.99,4.37,166.87,10.51,7.17,631.56,64.29,80.48,15.52,3.25,1.56,287.05,37.95,100.0,4.24,25.22,70.7,36.95,65.44,18.54,12.5,8.91,1.63,76.96,8.28,16.91,94.62,10.1,94.62,0.74,74.64,3.59,0.0,20.82,62.73,21.06,82.92,2.94,6404.0,78.33,0.97,312.73,5.78,20.72,3.16,32.54,85.6,8.79,33.51,11.56,4.37,1.54,7.23,23.37,12.05,10.67,5.18
74,57.14,2.74,0.0,319.88,40.0,7.62,0.0,18.28,3.0,98.9,24.93,-7.53,173.41,4.11,1.37,23.42,57.14,99.81,51.45,6.86,0.0,424.56,42.01,123.17,6.0,45.57,69.1,15.76,64.97,17.67,14.29,11.22,13.27,61.22,8.22,16.92,224.24,7.06,224.24,0.81,4.79,0.0,317.83,22.76,67.96,28.25,100.0,2.4,1460.0,84.99,0.69,319.88,3.42,0.39,0.63,68.86,117.6,2.66,7.62,2.74,-7.53,3.89,10.03,17.84,17.88,42.69,5.13
75,46.07,11.29,29.0,153.63,41.9,1.35,2.92,1.83,3.0,100.0,195.9,-3.51,191.0,14.25,9.73,3055.0,46.07,63.81,35.82,4.57,0.75,401.06,61.16,139.68,5.12,34.5,74.1,31.26,67.71,23.22,8.45,2.98,0.44,88.14,7.32,12.66,151.89,9.08,151.89,0.61,39.48,3.6,50.12,14.97,72.79,34.47,33.68,6.73,186370.0,34.6,2.37,153.63,6.44,22.93,2.23,31.89,85.0,59.94,34.93,7.04,-3.51,3.27,5.2,1.79,13.22,33.68,5.73
76,62.96,4.52,28.34,90.58,47.9,1.06,2.5,2.12,3.0,98.9,88.98,-0.55,171.89,13.85,9.22,2735.0,62.96,45.73,42.34,3.44,0.34,273.42,62.96,127.96,5.48,47.15,77.3,25.15,62.19,18.28,8.89,3.55,1.29,86.27,5.0,15.14,74.79,7.98,74.79,0.55,7.5,0.2,33.57,19.89,67.12,26.78,70.07,6.97,29328.0,69.69,1.65,90.58,7.74,18.54,1.31,56.16,87.3,10.6,8.67,8.35,-0.55,1.14,11.5,6.74,11.99,20.44,2.08
77,0.0,5.95,0.0,241.92,43.3,22.3,0.83,0.0,3.0,100.0,14.3,1.2,173.74,7.13,1.19,59.89,0.0,98.88,56.69,11.83,0.0,290.4,40.9,90.0,12.5,42.0,60.7,22.59,62.65,26.32,18.64,3.39,11.86,66.1,13.08,9.69,340.46,11.56,340.46,0.77,78.95,0.0,90.91,15.78,64.39,31.44,100.0,4.43,836.0,80.11,0.0,241.92,7.18,0.62,0.29,71.06,95.9,607.32,277.59,10.77,1.2,18.56,23.58,-3.91,13.85,33.41,46.51
78,100.0,5.29,20.06,227.88,47.4,1.1,2.86,0.0,3.0,98.9,122.51,-4.38,152.43,12.59,8.32,1116.0,100.0,55.21,41.72,4.02,1.09,402.75,45.05,119.85,3.38,57.6,69.9,39.93,74.21,24.65,8.01,8.9,1.1,82.0,5.58,13.98,68.11,8.02,68.11,0.53,5.47,0.44,37.73,19.54,59.53,20.65,62.29,7.41,27417.0,56.3,1.35,227.88,5.14,5.43,0.12,66.57,77.4,3.4,2.08,8.06,-4.38,1.83,9.31,0.05,13.84,55.14,4.36
79,66.67,0.0,0.0,346.24,39.8,22.78,0.0,0.0,3.0,100.0,38.74,-13.77,176.62,10.87,0.0,199.45,66.67,97.32,100.0,26.81,0.0,308.06,47.67,0.0,0.0,59.44,59.7,8.15,82.41,34.44,8.7,0.0,0.0,91.3,19.02,9.09,122.74,25.58,122.74,0.59,93.66,0.0,0.0,22.79,65.24,24.5,100.0,0.55,363.0,85.92,0.0,346.24,0.0,1.81,0.0,74.73,80.8,23.81,22.78,0.0,-13.77,16.66,21.68,-18.79,24.15,21.71,33.33
80,50.0,26.23,0.0,203.74,44.1,0.0,0.0,16.98,3.0,100.0,21.05,-1.65,231.87,0.0,1.64,19.12,50.0,99.21,49.27,0.0,16.47,300.46,17.86,145.16,0.0,32.26,72.4,37.7,49.14,12.03,10.34,10.34,39.66,39.66,4.92,14.99,147.98,0.0,147.98,1.03,164.74,0.0,424.66,22.9,72.38,25.17,90.74,4.28,607.0,84.88,0.0,203.74,-13.18,2.07,52.68,22.46,180.4,5.28,49.24,4.94,-1.65,3.15,12.97,15.84,8.05,9.23,48.54
81,87.5,7.86,0.0,558.52,36.8,0.0,3.55,0.0,3.0,100.0,30.81,3.88,327.19,12.77,2.95,63.38,87.5,97.85,38.24,9.95,0.0,505.72,15.01,0.0,7.69,22.19,65.3,29.47,73.11,23.01,3.68,16.56,46.63,33.13,13.75,14.85,44.08,28.46,44.08,0.8,165.05,0.0,0.0,13.19,54.16,16.97,100.0,8.16,1030.0,46.06,1.0,558.52,0.0,4.41,73.23,9.11,113.3,3.23,14.27,13.59,3.88,15.09,38.41,2.9,18.03,26.55,16.39
82,100.0,66.67,0.0,255.32,26.6,0.0,9.69,191.49,3.0,99.18,9.62,-12.61,155.2,0.0,0.0,9.43,100.0,100.0,28.21,0.0,0.0,261.86,79.5,0.0,20.0,28.07,63.9,25.0,91.94,20.59,11.11,16.67,11.11,61.11,4.17,22.27,412.27,0.0,412.27,0.9,0.0,0.0,0.0,23.3,55.83,16.5,90.91,1.68,238.0,87.38,0.0,255.32,12.61,0.65,0.32,90.37,120.3,5.68,42.55,0.0,-12.61,4.13,6.24,4.85,22.66,43.75,22.73
83,100.0,6.24,0.0,237.26,68.9,9.27,11.71,83.41,3.0,98.9,41.95,2.65,150.2,7.13,3.57,64.55,100.0,85.88,29.05,8.98,0.0,345.78,75.24,0.0,4.35,31.8,69.1,26.74,63.2,17.86,1.04,27.08,4.17,67.71,8.02,16.89,58.06,8.92,58.06,0.84,31.83,0.0,0.0,22.46,64.41,23.9,100.0,5.22,1131.0,74.06,0.0,237.26,-1.77,1.92,0.34,82.25,102.7,9.75,21.32,9.73,2.65,4.2,9.46,7.61,21.43,22.85,21.9
84,70.0,15.13,35.65,212.65,43.5,5.3,3.35,2.21,3.0,100.0,58.08,0.69,153.35,11.07,6.74,297.19,70.0,71.2,29.42,3.45,0.87,282.58,37.77,123.64,4.35,42.0,71.5,14.18,72.26,22.05,9.61,19.44,5.47,65.47,4.58,15.88,79.64,8.7,79.64,0.59,4.68,0.61,18.87,22.42,59.86,19.29,70.46,7.78,11540.0,52.13,1.38,212.65,5.37,3.58,0.31,69.15,86.6,16.86,14.22,9.97,0.69,0.67,4.18,5.94,13.47,30.79,6.46
85,28.57,3.83,74.72,104.25,64.1,2.76,4.25,0.41,3.0,98.9,60.22,-0.96,173.56,7.26,4.38,197.7,28.57,96.84,18.17,2.74,4.11,330.76,35.8,124.24,5.66,33.27,71.8,16.43,69.14,21.73,9.84,12.18,7.03,70.96,5.34,14.78,112.3,6.91,112.3,0.64,12.18,4.79,40.3,20.05,59.56,21.19,92.57,4.83,7307.0,57.35,0.82,104.25,4.38,2.66,2.62,68.86,108.2,2.55,2.62,7.66,-0.96,1.18,18.21,3.05,14.01,26.13,3.0
86,100.0,2.82,0.0,482.29,39.6,0.0,16.77,0.0,3.0,100.0,11.86,5.67,367.27,5.65,0.0,20.25,100.0,100.0,100.0,0.0,0.0,655.12,18.1,0.0,0.0,66.99,66.8,19.77,74.75,24.36,1.08,21.51,65.59,11.83,2.82,12.75,86.08,28.49,86.08,0.84,0.0,0.0,0.0,10.34,41.38,10.66,100.0,12.46,353.0,45.19,0.0,482.29,-2.83,1.18,75.16,3.33,111.0,7.18,40.87,14.16,5.67,12.13,39.65,-0.84,15.23,18.59,20.0
87,80.77,14.25,0.0,146.66,46.7,0.0,3.34,0.0,3.0,99.45,112.41,-1.33,199.05,10.89,7.66,1277.0,80.77,73.23,26.64,2.89,1.66,442.22,58.51,139.56,3.6,36.16,69.1,40.04,63.58,20.93,15.63,8.05,1.13,75.19,6.17,14.27,60.25,5.35,60.25,0.68,1.83,3.24,93.94,18.66,56.46,16.64,86.66,5.53,24056.0,78.07,1.36,146.66,6.19,12.65,5.47,23.74,77.5,6.41,4.32,7.77,-1.33,1.78,4.69,0.4,9.4,24.23,5.02
88,50.0,7.94,0.0,232.56,49.9,38.76,0.0,11.63,2.0,100.0,140.54,-4.03,178.56,0.0,0.0,23.57,50.0,97.73,48.98,0.0,0.0,220.92,78.27,0.0,0.0,41.51,63.2,35.71,75.89,29.84,18.75,12.5,18.75,50.0,15.87,9.68,109.57,0.0,109.57,0.94,48.39,0.0,0.0,20.75,65.15,29.46,100.0,3.23,248.0,82.2,0.0,232.56,0.0,0.41,0.38,82.79,175.8,3.23,7.75,12.1,-4.03,14.92,19.94,-4.62,16.8,46.45,86.96
89,73.33,6.75,0.0,83.17,40.5,0.0,2.28,0.0,2.0,98.9,59.4,-1.76,153.37,11.26,6.25,2461.0,73.33,56.44,37.86,3.12,0.0,291.98,49.65,131.85,4.02,50.7,70.7,17.45,69.26,23.65,16.24,8.57,0.22,74.97,6.38,13.0,94.23,6.21,94.23,0.53,5.39,0.0,35.79,17.83,48.93,13.38,94.08,5.69,15951.0,65.14,1.0,83.17,2.95,11.56,0.77,58.18,71.7,19.63,5.31,6.52,-1.76,0.1,9.01,-1.91,8.98,24.7,4.95
90,70.83,6.95,32.19,126.19,50.5,0.26,2.07,2.43,3.0,100.0,105.91,-2.64,155.09,10.35,6.47,1235.0,70.83,65.49,47.65,3.56,0.25,402.05,73.83,116.19,4.02,48.6,70.4,34.0,72.68,23.15,19.23,5.84,0.84,74.1,4.67,14.53,67.81,4.33,67.81,0.54,1.8,0.33,29.02,20.97,58.35,15.29,74.01,6.23,39439.0,78.22,1.93,126.19,4.03,8.82,0.75,67.99,74.1,30.55,13.89,7.0,-2.64,1.66,11.42,2.88,7.75,28.1,8.76
91,50.0,13.56,0.0,58.44,43.0,16.23,9.35,0.0,3.0,95.07,9.62,3.45,105.16,1.69,0.0,18.01,50.0,99.32,39.06,0.0,0.0,317.35,58.55,0.0,11.76,28.8,63.1,5.08,69.1,16.9,9.09,9.09,48.05,33.77,11.86,17.93,223.42,0.0,223.42,0.92,53.45,0.0,0.0,11.65,40.85,11.28,100.0,2.93,580.0,77.78,0.0,58.44,6.9,0.2,0.96,59.78,166.7,3.23,3.25,10.34,3.45,11.54,19.79,-8.37,25.87,19.73,9.71
92,100.0,72.87,0.0,160.0,45.7,0.0,0.0,0.0,3.0,98.36,18.02,2.72,262.16,1.35,1.35,6.13,100.0,100.0,85.88,0.0,13.59,295.66,10.59,125.0,7.14,77.18,66.7,47.23,60.0,18.48,14.42,2.88,41.35,41.35,20.24,15.9,189.21,13.32,189.21,1.17,762.23,0.0,176.47,22.42,59.24,18.48,97.78,3.4,736.0,84.13,0.0,160.0,2.72,0.91,31.91,49.89,155.4,0.98,13.33,4.08,2.72,3.96,19.96,7.76,24.46,37.17,20.62
93,40.0,7.87,0.0,37.81,46.3,0.0,0.0,0.0,3.0,100.0,15.81,-5.98,259.24,1.97,1.97,30.41,40.0,99.35,100.0,0.0,0.0,234.43,54.05,0.0,0.0,54.47,62.6,25.59,70.75,25.1,16.67,13.89,11.11,58.33,9.84,12.95,-135.0,0.0,-135.0,0.9,65.74,0.0,0.0,18.71,62.81,26.28,100.0,3.59,502.0,89.2,0.0,37.81,0.0,0.71,0.24,71.53,135.6,61.07,151.23,7.97,-5.98,13.18,15.88,-1.76,11.16,58.14,72.73
94,83.33,8.81,0.0,171.64,33.7,0.0,5.2,8.63,2.0,98.9,54.7,-3.67,177.33,5.88,2.2,101.41,83.33,88.96,19.99,2.45,4.89,293.34,40.65,140.62,5.88,61.93,76.1,14.2,71.16,20.74,14.04,11.91,12.34,61.7,5.63,15.51,112.89,7.33,112.89,0.69,8.07,0.0,37.74,22.51,60.49,18.23,75.6,5.43,4089.0,66.21,0.49,171.64,0.98,1.27,0.69,62.95,89.3,4.79,3.95,5.14,-3.67,8.84,5.89,3.31,16.18,17.95,8.5
95,50.0,7.39,0.0,73.45,40.5,2.07,3.52,0.1,3.0,99.45,125.69,5.55,171.18,5.05,2.52,3306.0,50.0,62.3,32.22,2.72,0.89,290.6,56.76,0.0,4.17,20.89,79.4,24.06,61.04,13.71,16.29,5.79,0.0,77.93,3.97,20.42,83.69,6.51,83.69,0.64,0.0,0.0,0.0,19.79,62.31,22.41,93.15,2.68,11176.0,87.32,1.63,73.45,2.51,36.66,1.18,39.05,83.8,18.09,25.86,9.48,5.55,0.15,4.54,37.1,9.83,11.47,8.93
96,75.0,6.56,0.0,152.25,61.1,12.18,15.01,42.63,3.0,100.0,45.69,-4.01,179.92,2.62,1.31,41.79,75.0,98.21,8.89,12.9,0.0,361.22,65.65,0.0,13.33,40.0,66.5,31.5,65.49,21.39,14.93,16.42,23.88,44.78,5.25,12.3,543.87,0.0,543.87,0.93,42.78,0.0,0.0,22.08,67.65,17.42,98.73,6.68,748.0,64.15,0.0,152.25,16.04,1.63,0.28,73.18,111.6,89.93,304.51,12.03,-4.01,8.1,23.53,-9.11,21.67,21.64,17.24
97,100.0,12.82,0.0,192.69,50.3,0.0,5.49,9.88,1.0,100.0,52.9,-5.33,171.15,2.14,0.0,122.94,100.0,99.08,52.17,10.71,0.0,311.2,32.04,188.64,0.0,47.81,69.4,38.46,63.41,22.6,22.41,6.9,8.62,62.07,6.41,11.94,140.13,0.0,140.13,0.76,0.0,0.0,207.55,19.0,63.4,23.89,96.05,4.69,938.0,88.31,0.0,192.69,7.46,1.98,0.92,57.4,135.8,8.0,7.91,6.4,-5.33,10.86,15.82,-2.8,18.14,26.46,39.06
98,50.0,7.37,0.0,220.0,62.2,0.0,12.88,0.0,3.0,100.0,50.78,-7.33,171.74,3.68,3.68,96.98,50.0,100.0,100.0,0.0,0.0,239.02,50.46,100.0,0.0,54.47,68.4,27.62,68.52,17.03,15.15,3.03,12.12,69.7,5.52,18.86,8.07,0.0,8.07,0.79,0.0,10.99,0.0,18.47,68.15,29.3,100.0,3.85,546.0,88.75,0.0,220.0,0.0,2.13,0.36,46.71,119.0,145.45,177.78,1.83,-7.33,9.46,17.72,35.15,7.33,27.91,39.47
99,50.0,12.22,0.0,154.47,42.1,0.0,7.21,0.0,3.0,99.18,20.0,-16.19,150.47,0.0,0.0,33.31,50.0,100.0,72.08,0.0,0.0,350.22,32.3,0.0,11.76,33.33,65.4,10.18,74.56,20.45,8.16,14.29,28.57,48.98,8.15,16.4,106.83,0.0,106.83,1.07,76.92,0.0,0.0,19.31,64.43,21.04,100.0,1.42,494.0,77.83,0.0,154.47,6.07,1.19,1.48,64.87,179.6,4.73,16.26,4.05,-16.19,6.6,6.64,13.82,25.42,33.88,12.35
100,20.0,0.0,0.0,179.69,42.5,0.0,0.0,0.0,2.0,99.18,0.0,15.75,145.42,0.0,0.0,21.53,20.0,100.0,100.0,0.0,0.0,194.96,50.22,0.0,33.33,48.8,68.7,40.32,71.62,24.41,12.5,0.0,25.0,62.5,16.13,13.39,165.55,0.0,165.55,0.89,0.0,0.0,0.0,20.0,56.36,20.91,100.0,3.94,127.0,91.84,0.0,179.69,0.0,0.2,1.02,67.8,132.9,25.0,23.44,23.62,15.75,6.49,15.77,-6.62,26.67,20.25,105.26
101,58.21,11.05,13.69,137.9,62.7,0.34,2.88,2.6,3.0,99.45,83.4,-0.78,173.54,10.06,7.2,937.79,58.21,69.72,33.68,3.75,1.7,243.8,44.63,125.0,3.66,2.33,71.0,36.11,59.81,20.22,13.62,6.74,1.25,78.39,5.22,12.99,78.41,6.81,78.41,0.65,1.57,0.14,37.1,18.69,63.0,23.78,88.83,3.26,29334.0,72.85,1.3,137.9,2.15,10.87,0.93,60.07,85.5,17.07,18.19,7.87,-0.78,0.22,2.31,0.52,10.55,19.56,6.15
102,40.0,11.08,0.0,577.57,53.8,0.0,11.2,47.73,3.0,100.0,5.87,0.0,173.65,1.23,0.0,18.3,40.0,99.25,52.32,12.32,0.0,402.93,35.88,116.67,0.0,47.61,61.1,29.56,65.04,24.63,8.0,16.0,30.67,45.33,7.39,11.82,117.15,0.0,117.15,0.97,0.0,22.17,0.0,27.31,66.13,20.21,100.0,1.85,812.0,80.94,0.0,577.57,4.93,0.5,0.23,62.21,101.7,1.6,3.58,13.55,0.0,7.7,16.73,-2.05,16.54,56.26,61.73
103,25.0,9.54,0.0,138.66,34.2,0.0,2.78,13.56,3.0,100.0,29.06,-2.2,174.16,2.2,0.73,89.36,25.0,99.36,58.95,7.33,0.0,282.38,36.88,111.11,0.0,14.13,68.8,38.15,56.08,19.4,9.71,6.8,26.21,57.28,5.14,11.09,-18.09,0.0,-18.09,0.87,8.82,0.0,136.36,17.74,68.13,30.85,100.0,2.65,1361.0,87.09,0.0,138.66,2.2,2.55,1.05,46.36,139.2,3.51,9.8,8.82,-2.2,8.11,16.89,6.08,13.32,25.45,11.36
104,66.67,3.24,0.0,547.99,51.9,0.0,0.0,0.0,1.0,98.9,24.79,6.49,169.12,0.0,0.0,43.14,66.67,100.0,100.0,0.0,0.0,111.47,14.65,0.0,0.0,43.85,64.6,22.65,65.59,16.56,12.5,0.0,16.67,70.83,9.71,18.51,89.85,0.0,89.85,0.9,77.92,0.0,0.0,20.3,69.0,28.78,100.0,1.62,308.0,84.38,0.0,547.99,3.25,1.81,0.14,71.99,170.3,88.0,68.11,6.49,6.49,3.79,15.13,-0.32,18.05,40.74,39.22
105,55.56,6.61,0.0,175.16,37.2,0.0,3.48,13.38,3.0,100.0,28.62,-7.18,171.99,2.4,1.2,96.82,55.56,99.4,57.45,6.04,0.0,248.23,34.44,100.0,5.77,54.47,73.2,25.84,72.19,20.16,11.03,20.59,12.5,55.88,2.4,16.93,38.86,0.0,38.86,0.86,17.34,0.0,80.12,18.83,76.21,27.4,100.0,2.81,1672.0,86.27,0.0,175.16,-0.6,1.09,3.36,39.95,115.8,39.42,26.11,5.98,-7.18,5.6,12.83,14.21,14.33,16.36,7.66
106,80.0,17.67,0.0,413.12,41.7,0.0,0.0,0.0,3.0,100.0,17.33,1.18,172.7,1.18,1.18,62.1,80.0,99.68,59.68,11.75,0.0,251.63,36.77,0.0,15.38,68.62,68.0,16.49,61.64,20.54,10.17,1.69,6.78,81.36,10.6,12.4,29.51,0.0,29.51,0.94,77.92,0.0,0.0,17.56,76.92,37.31,100.0,4.25,847.0,85.6,0.0,413.12,12.99,5.53,0.44,62.24,156.3,4.09,34.52,9.45,1.18,11.92,16.94,-2.76,10.97,26.9,18.52
107,100.0,6.21,0.0,180.72,48.7,180.72,0.0,0.0,3.0,99.18,0.0,-6.17,201.76,0.0,0.0,17.46,100.0,100.0,100.0,0.0,0.0,297.46,97.1,0.0,0.0,52.75,61.1,6.21,80.0,19.75,16.67,0.0,44.44,38.89,12.42,16.67,38.85,0.0,38.85,0.69,74.07,0.0,0.0,18.44,48.23,14.18,100.0,2.47,162.0,89.04,0.0,180.72,-18.52,0.12,0.22,77.48,106.6,5.26,6.02,12.35,-6.17,6.56,8.34,-4.71,19.48,19.75,40.0
108,80.0,2.66,21.12,92.05,62.6,1.84,1.91,0.37,3.0,100.0,62.58,-1.54,171.42,16.4,11.96,1983.0,80.0,75.81,48.54,4.15,1.77,337.09,36.87,124.34,4.71,32.67,73.8,37.35,72.29,22.44,14.14,7.25,2.74,75.86,6.57,15.13,50.74,8.33,50.74,0.61,8.45,0.0,40.04,15.23,63.6,27.74,77.79,9.7,16915.0,61.89,1.07,92.05,5.2,17.23,2.58,46.54,91.2,14.56,13.01,8.69,-1.54,8.86,13.88,4.6,14.49,22.98,4.55
109,71.43,17.39,0.0,211.96,61.7,11.21,4.46,0.0,3.0,100.0,60.85,2.49,152.79,11.36,4.61,255.91,71.43,87.38,40.5,3.55,0.0,264.5,35.9,0.0,4.12,14.7,60.4,44.37,64.62,19.08,4.32,16.19,19.42,60.07,14.91,14.74,116.23,11.01,116.23,0.65,115.81,0.0,0.0,19.2,62.51,23.83,98.65,8.24,2815.0,59.38,0.71,211.96,8.17,3.58,30.0,23.36,95.7,34.02,62.06,9.95,2.49,1.13,19.17,11.4,20.84,23.05,9.43
110,40.0,5.54,28.13,82.45,47.6,0.25,1.55,1.86,3.0,99.45,121.05,-2.45,173.98,10.81,6.91,6622.0,40.0,61.47,55.46,3.31,0.38,338.75,73.92,108.8,3.37,47.08,74.5,25.36,69.1,23.49,7.12,1.66,0.33,90.9,4.69,12.88,121.56,7.04,121.56,0.6,3.21,0.91,24.54,12.29,82.09,45.4,83.64,5.61,78406.0,75.77,1.43,82.45,-0.14,40.23,1.69,6.33,105.8,11.91,6.6,7.17,-2.45,10.02,8.3,-4.09,9.77,21.0,3.5
111,75.0,4.78,0.0,159.2,37.6,0.0,0.0,149.25,3.0,100.0,0.0,0.0,172.83,9.57,14.35,34.32,75.0,100.0,35.12,0.0,0.0,760.04,173.33,0.0,0.0,42.0,66.1,19.14,65.87,17.22,8.7,36.96,4.35,50.0,19.14,18.18,351.38,0.0,351.38,0.97,57.42,0.0,0.0,21.31,65.57,25.14,95.0,5.74,209.0,81.4,0.0,159.2,14.35,1.69,0.16,78.33,116.5,2.34,19.9,9.57,0.0,18.3,29.67,20.11,10.99,18.28,33.33
112,42.86,11.86,0.0,706.9,46.4,11.49,3.82,0.0,3.0,100.0,34.16,-9.56,176.14,5.93,3.56,40.77,42.86,99.05,58.44,5.89,5.97,313.8,65.14,111.63,2.94,39.09,65.3,25.5,63.48,21.15,7.83,9.04,12.65,70.48,4.74,13.68,139.59,5.85,139.59,0.93,67.5,11.95,64.97,19.16,66.05,26.11,100.0,3.58,1674.0,79.34,0.0,706.9,2.99,0.78,0.88,81.73,121.3,291.67,402.3,3.58,-9.56,12.64,15.58,2.01,21.79,37.18,25.97
113,75.0,7.05,0.0,417.95,37.1,0.0,4.32,2.73,3.0,100.0,78.97,-1.76,173.31,7.58,3.35,563.49,75.0,93.56,51.37,3.53,1.76,264.37,27.71,0.0,3.95,59.86,75.3,43.52,61.69,16.92,13.28,2.98,2.17,81.57,5.81,16.41,68.91,5.3,68.91,0.65,70.25,0.0,0.0,16.04,78.1,38.71,100.0,3.4,5680.0,82.73,1.76,417.95,1.58,12.91,0.99,25.69,92.3,29.25,52.52,6.34,-1.76,11.95,15.57,9.74,12.18,22.37,4.43
114,26.32,6.44,0.0,865.13,66.2,6.18,6.75,26.26,3.0,100.0,109.98,-2.84,172.92,8.24,4.35,161.15,26.32,89.87,53.61,4.51,1.5,316.41,38.66,105.8,4.55,39.09,66.6,28.03,63.47,19.64,14.54,5.73,5.95,73.79,6.0,15.5,20.76,9.18,20.76,0.63,3.74,6.43,19.8,20.05,59.38,18.53,92.57,5.83,6686.0,78.8,1.2,865.13,1.05,2.55,0.53,65.8,83.1,2.96,4.33,8.08,-2.84,8.24,10.85,7.77,14.48,32.73,8.65
115,100.0,8.51,0.0,229.73,30.7,0.0,0.0,0.0,3.0,98.36,3.88,-8.62,317.5,4.26,0.0,5.94,100.0,100.0,100.0,0.0,0.0,796.25,49.02,150.0,0.0,76.61,66.5,21.28,93.33,40.95,10.53,5.26,50.0,34.21,8.51,6.03,0.0,38.61,0.0,1.23,68.97,0.0,105.26,14.22,34.05,6.9,100.0,0.86,232.0,65.74,0.0,229.73,0.0,0.78,29.4,56.19,123.3,6.79,50.68,0.0,-8.62,12.14,31.49,-25.88,29.03,29.8,58.82
116,71.43,13.34,0.0,203.84,40.3,1.56,2.6,1.4,3.0,100.0,108.88,-2.5,163.95,10.58,6.55,501.45,71.43,83.96,32.62,3.55,1.5,406.99,89.75,116.43,3.4,19.0,70.2,33.59,65.55,19.79,16.39,13.49,2.33,67.78,5.64,14.84,49.27,5.1,49.27,0.65,7.15,0.0,35.37,21.07,63.08,20.2,77.65,6.15,20003.0,69.57,1.47,203.84,6.75,6.16,2.48,65.36,82.2,10.89,15.56,6.7,-2.5,7.3,12.27,4.62,10.78,24.52,9.59
117,66.67,3.14,0.0,94.83,44.6,0.0,0.0,0.0,3.0,99.18,23.26,0.0,175.13,0.0,0.0,73.94,66.67,98.51,70.0,0.0,0.0,179.15,23.35,0.0,0.0,52.75,71.1,22.01,58.29,19.05,30.0,5.0,25.0,40.0,6.29,15.87,264.38,0.0,264.38,0.95,0.0,0.0,0.0,15.36,54.27,20.14,100.0,2.86,315.0,86.98,0.0,94.83,12.7,0.63,0.0,49.06,133.5,14.29,5.75,6.35,0.0,4.5,6.66,-5.69,12.21,24.43,18.87
118,25.0,6.35,0.0,171.89,41.2,0.61,3.3,3.64,3.0,100.0,99.8,-0.41,176.46,8.53,5.35,572.88,25.0,92.31,45.44,3.54,1.76,241.23,33.99,135.02,4.81,42.0,72.9,25.53,69.93,21.37,12.54,3.79,4.81,78.86,7.76,14.96,98.76,4.74,98.76,0.69,75.55,4.16,56.55,16.68,70.04,29.25,89.78,5.3,17049.0,72.04,1.42,171.89,-0.47,10.49,3.53,39.95,97.1,5.18,11.42,7.92,-0.41,1.34,3.2,5.07,8.65,22.26,5.13
119,57.14,2.85,0.0,237.05,45.0,4.6,6.5,0.0,3.0,99.18,109.17,-1.19,154.31,7.36,3.32,816.96,57.14,86.57,30.62,4.72,0.0,298.64,52.48,0.0,3.67,17.16,71.1,24.44,74.12,22.57,16.09,18.39,5.36,60.15,3.08,15.82,106.75,4.7,106.75,0.66,0.0,0.0,0.0,21.02,56.25,18.45,98.96,7.04,4191.0,85.28,0.0,237.05,4.53,9.84,1.56,43.08,84.4,16.0,5.52,7.16,-1.19,1.41,1.67,-1.92,11.17,17.14,17.43
120,66.67,24.77,0.0,192.18,35.3,32.57,6.93,0.0,3.0,100.0,21.7,-19.97,169.24,3.1,0.0,45.65,66.67,100.0,84.95,15.6,0.0,239.6,32.59,0.0,6.67,50.66,65.1,105.26,59.56,23.04,7.32,2.44,12.2,78.05,23.22,11.37,235.4,15.65,235.4,0.8,139.78,0.0,0.0,15.94,75.34,40.6,98.18,1.84,651.0,84.36,0.0,192.18,7.68,1.7,0.28,72.37,118.1,4.49,17.92,3.07,-19.97,16.52,21.54,9.78,13.91,23.38,48.39
121,70.0,38.19,0.0,247.68,52.7,4.42,6.19,2.21,3.0,99.18,34.01,0.43,152.63,8.25,4.34,78.63,70.0,97.67,22.78,4.34,8.68,225.84,44.33,25.0,5.13,36.2,66.4,14.32,79.86,21.22,11.54,15.38,12.64,60.44,3.47,19.14,68.9,8.67,68.9,0.86,18.66,0.0,24.54,20.05,60.84,20.99,98.86,5.38,2304.0,73.28,0.43,247.68,1.74,2.0,0.41,65.43,104.6,13.42,18.58,6.94,0.43,1.85,10.0,5.35,24.13,30.0,8.65
122,71.43,3.79,0.0,190.14,44.2,2.36,3.96,2.12,3.0,98.9,72.43,0.0,171.32,13.73,8.29,249.03,71.43,90.24,20.89,2.38,4.7,261.18,41.31,0.0,3.82,41.79,74.9,27.0,62.25,18.63,10.81,10.54,7.03,71.62,6.16,16.21,182.08,11.77,182.08,0.71,2.35,0.0,0.0,22.02,60.89,20.26,93.96,9.6,4251.0,66.78,0.48,190.14,4.23,3.91,1.76,67.55,93.5,15.98,20.05,8.23,0.0,0.8,6.9,4.52,14.27,19.67,11.24
123,33.33,8.28,0.0,300.0,81.2,42.55,13.67,40.43,3.0,99.18,34.65,0.0,155.51,0.0,2.07,233.17,33.33,97.18,30.11,0.0,0.0,748.15,36.37,100.0,11.11,52.75,65.3,26.92,67.13,18.83,8.16,28.57,10.2,53.06,4.14,16.11,20.94,0.0,20.94,0.69,0.0,50.21,0.0,19.17,63.51,18.48,100.0,6.69,478.0,85.56,0.0,300.0,8.37,5.46,0.98,45.37,105.4,11.49,21.28,6.28,0.0,0.7,6.43,5.05,16.67,20.0,27.78
124,16.13,7.79,46.12,139.49,37.3,1.97,1.77,3.1,3.0,100.0,88.9,-3.01,176.78,14.06,9.22,1476.0,16.13,74.97,45.81,3.9,3.23,318.36,42.77,121.53,3.41,42.0,72.1,43.71,66.67,21.02,15.4,6.36,0.74,77.49,5.65,14.45,125.87,4.74,125.87,0.67,14.26,0.79,28.38,19.47,63.32,20.23,57.12,9.07,61855.0,48.06,1.72,139.49,1.52,13.65,1.1,50.53,83.6,2.26,1.69,7.05,-3.01,1.57,1.82,2.38,10.18,24.47,6.06
125,42.86,18.29,0.0,234.62,27.0,0.0,5.45,0.0,3.0,99.18,158.81,10.42,149.45,5.54,4.99,628.62,42.86,78.41,25.02,5.6,5.49,221.55,31.61,0.0,4.35,52.75,77.1,23.28,60.33,10.04,13.66,20.5,0.62,65.22,3.33,23.42,142.81,0.0,142.81,0.75,0.0,0.0,0.0,24.91,69.59,22.69,100.0,8.17,1823.0,85.96,0.56,234.62,5.49,10.0,1.72,66.21,90.5,0.31,0.63,15.91,10.42,0.05,4.88,43.54,13.81,12.33,9.04
126,31.82,57.47,0.0,542.07,33.9,0.0,0.0,88.06,3.0,100.0,19.29,-13.21,167.08,1.92,1.92,11.26,31.82,100.0,90.29,0.0,0.0,234.5,17.13,0.0,11.11,47.43,64.7,9.58,53.62,17.17,5.97,4.48,64.18,25.37,3.83,12.26,27.1,0.0,27.1,1.06,0.0,0.0,0.0,23.67,61.74,20.91,100.0,3.21,530.0,84.17,0.0,542.07,1.89,1.7,57.31,35.52,157.5,1.36,17.61,3.77,-13.21,5.02,18.51,9.73,22.01,36.52,131.58
127,50.0,18.37,0.0,103.94,31.2,0.0,4.03,0.0,3.0,100.0,81.44,0.92,312.0,3.67,2.75,61.52,50.0,97.73,20.17,3.06,6.13,431.76,24.07,178.38,4.3,7.04,79.6,34.59,56.1,11.52,11.79,13.01,7.32,67.89,3.67,19.91,267.87,6.44,267.87,1.04,2.45,0.0,98.4,20.77,61.57,15.92,91.21,6.5,3264.0,78.74,0.31,103.94,18.69,6.23,26.59,51.66,114.5,0.76,6.73,6.13,0.92,2.53,11.93,26.17,18.53,19.44,9.4
128,25.0,7.0,0.0,187.13,51.1,0.0,0.0,46.41,3.0,100.0,12.14,0.0,177.34,2.8,2.8,30.87,25.0,100.0,66.67,0.0,0.0,235.93,67.23,25.0,11.11,42.0,69.2,5.6,77.39,22.38,8.33,8.33,27.08,56.25,11.2,18.27,457.93,0.0,457.93,0.82,86.4,0.0,25.32,16.69,59.39,23.11,100.0,4.67,706.0,86.9,0.0,187.13,9.92,0.7,0.92,79.49,131.9,5.77,4.49,9.92,0.0,19.82,25.61,12.24,25.4,24.28,23.53
129,50.0,16.92,0.0,234.49,44.4,0.0,11.41,7.56,3.0,99.18,33.42,4.67,128.01,3.08,0.0,71.81,50.0,97.94,23.92,15.2,0.0,243.42,38.17,0.0,11.11,23.9,62.0,18.46,73.51,19.16,19.05,21.43,7.14,52.38,4.62,18.85,119.73,0.0,119.73,0.77,70.09,0.0,0.0,19.82,56.64,17.52,97.92,7.32,642.0,86.97,0.0,234.49,10.9,1.45,0.34,78.19,94.6,21.49,39.33,12.46,4.67,0.72,10.0,5.25,16.31,40.0,17.24
130,100.0,19.24,0.0,238.98,43.5,2.62,8.59,13.12,3.0,98.9,53.23,-6.01,176.78,8.4,8.94,194.06,100.0,89.62,23.61,2.69,13.67,209.01,44.92,0.0,5.41,47.06,66.6,48.5,69.12,23.84,12.57,21.51,5.87,60.06,4.61,13.29,-67.79,2.64,-67.79,0.91,0.0,0.0,0.0,18.48,53.34,16.56,89.8,7.35,3658.0,80.79,1.34,238.98,4.1,5.33,0.48,55.86,86.0,9.09,13.12,7.65,-6.01,0.49,10.99,-4.84,13.22,32.34,4.58
131,100.0,12.77,0.0,355.56,49.1,0.0,28.37,0.0,3.0,98.9,54.55,-4.33,178.91,4.26,8.51,52.98,100.0,98.57,18.23,0.0,43.29,200.57,63.83,0.0,0.0,77.34,63.2,97.87,46.2,17.75,10.0,35.0,5.0,50.0,8.51,12.12,781.44,0.0,781.44,1.16,0.0,0.0,0.0,24.78,68.26,24.78,100.0,3.9,231.0,78.33,0.0,355.56,86.58,4.5,1.15,68.58,122.0,19.08,92.59,0.0,-4.33,2.18,11.79,-5.71,13.91,48.72,68.97
132,83.33,6.61,0.0,96.91,68.0,0.0,3.08,0.0,3.0,100.0,38.41,-5.15,835.89,9.18,5.14,19.69,83.33,99.86,81.44,3.66,3.68,350.88,34.92,81.82,4.35,27.84,65.3,41.87,69.18,27.49,6.74,3.11,50.26,39.9,12.12,10.42,190.35,10.74,190.35,0.91,65.51,0.0,88.35,17.3,49.32,13.09,93.69,2.47,2717.0,50.93,0.37,96.91,1.84,0.26,0.14,39.07,110.5,16.81,14.36,9.2,-5.15,11.6,34.88,-3.52,23.0,47.46,7.87
133,50.0,6.71,0.0,95.47,43.2,0.0,9.84,0.0,3.0,100.0,21.28,2.25,173.43,4.47,2.24,37.65,50.0,99.38,54.29,0.0,0.0,221.56,39.94,0.0,0.0,70.3,66.6,58.17,72.48,20.45,0.0,2.63,36.84,60.53,8.95,17.3,123.52,0.0,123.52,0.8,22.47,0.0,0.0,19.63,65.97,28.27,96.67,2.47,445.0,86.26,0.0,95.47,13.48,0.27,2.28,67.77,135.1,12.82,11.93,4.49,2.25,11.26,16.28,10.42,18.18,41.78,17.86
134,87.5,0.0,0.0,641.03,47.4,0.0,35.95,0.0,3.0,100.0,0.0,0.0,168.49,0.0,0.0,14.71,87.5,98.68,100.0,0.0,0.0,333.11,37.13,0.0,0.0,10.68,64.2,91.89,84.0,26.09,0.0,6.25,78.12,15.62,5.41,14.13,65.34,53.19,65.34,0.79,0.0,0.0,0.0,18.13,50.29,13.45,81.82,2.17,184.0,68.06,0.0,641.03,5.43,1.18,59.63,22.7,109.5,13.51,102.56,5.43,0.0,13.16,39.94,0.0,28.23,17.09,28.57
135,100.0,64.86,0.0,523.94,36.3,28.17,17.73,0.0,3.0,100.0,22.36,-2.69,269.29,0.0,2.7,4.42,100.0,100.0,100.0,0.0,0.0,499.71,19.66,0.0,0.0,76.79,64.5,24.32,58.3,24.73,2.44,2.44,53.66,41.46,5.41,10.48,792.68,0.0,792.68,1.22,21.51,0.0,0.0,21.39,58.13,18.67,100.0,2.42,372.0,85.21,0.0,523.94,13.44,0.79,17.98,53.4,148.8,1.42,28.17,8.06,-2.69,7.88,22.97,3.91,16.2,35.14,107.14
136,50.0,12.35,0.0,501.7,38.0,0.0,7.48,0.0,3.0,98.36,32.28,1.38,366.71,6.86,1.37,37.97,50.0,83.98,59.51,6.85,6.88,400.56,11.49,0.0,7.32,57.56,63.9,34.32,68.87,18.98,8.52,14.2,32.39,44.89,16.47,16.64,15.93,6.72,15.93,0.83,104.54,0.0,0.0,18.76,57.11,16.87,96.36,10.18,1454.0,58.27,0.0,501.7,2.06,2.61,39.02,25.7,105.4,19.98,110.13,8.94,1.38,2.44,28.75,-1.42,12.07,16.8,12.88
137,53.33,23.95,0.0,1252.0,64.8,0.0,0.0,0.0,3.0,98.36,15.15,-12.05,326.54,0.0,0.0,3.66,53.33,99.22,100.0,0.0,0.0,312.34,17.24,0.0,0.0,84.23,67.5,11.98,82.42,36.75,8.0,4.0,48.0,40.0,11.98,6.63,93.02,0.0,93.02,1.02,30.12,0.0,0.0,22.89,50.0,12.65,100.0,0.6,166.0,69.86,0.0,1252.0,-12.05,0.63,16.13,71.0,101.4,1.18,16.85,0.0,-12.05,21.44,30.23,-14.43,6.7,19.63,333.33
138,100.0,11.82,0.0,362.07,35.3,0.0,7.35,0.0,3.0,100.0,18.87,-11.89,369.54,4.43,1.48,27.66,100.0,99.64,65.28,14.68,0.0,689.23,8.31,0.0,4.76,33.72,63.6,26.59,78.04,24.96,8.84,24.49,40.14,26.53,8.86,14.86,63.64,14.68,63.64,0.78,5.94,0.0,0.0,10.75,46.71,13.64,91.49,12.78,673.0,50.62,0.0,362.07,13.37,1.84,60.83,6.25,103.1,11.72,43.1,4.46,-11.89,9.63,43.16,-2.04,23.94,16.27,12.5
139,75.0,3.75,0.0,720.59,41.7,0.0,0.0,0.0,1.0,100.0,4.95,-18.66,433.45,3.75,3.75,235.09,75.0,99.3,56.86,0.0,0.0,245.01,30.39,100.0,0.0,27.84,62.9,3.75,57.65,24.63,15.38,3.85,30.77,50.0,14.98,9.33,123.14,37.59,123.14,0.8,0.0,93.28,0.0,13.64,45.83,14.02,100.0,3.73,268.0,60.22,0.0,720.59,-7.46,14.65,0.0,41.23,111.1,1.34,7.35,7.46,-18.66,0.0,43.73,-8.84,13.78,37.57,45.45
140,100.0,34.68,0.0,12.54,45.2,0.0,5.62,0.0,2.0,98.36,13.85,-3.34,239.78,1.12,3.36,13.28,100.0,100.0,22.71,0.0,11.12,293.27,10.65,0.0,0.0,53.72,63.9,31.32,59.68,22.58,6.14,21.05,39.47,33.33,10.07,11.23,289.87,0.0,289.87,1.02,44.49,0.0,0.0,23.83,56.57,13.73,90.38,5.9,899.0,69.81,1.13,12.54,4.45,3.13,54.12,27.81,106.0,2.46,51.2,6.67,-3.34,6.6,28.33,-6.74,26.56,54.31,103.45
141,0.0,4.67,0.0,420.32,41.1,0.0,0.0,0.0,3.0,100.0,84.75,0.0,362.22,5.84,1.17,143.41,0.0,98.44,55.37,11.74,0.0,522.21,7.98,0.0,6.9,48.35,63.1,32.71,66.8,20.95,2.98,26.79,49.4,20.83,10.51,14.9,69.22,23.23,69.22,0.82,26.78,0.0,0.0,11.68,49.42,15.53,72.22,10.24,859.0,46.99,0.0,420.32,-6.98,7.2,60.6,5.51,109.6,1.13,5.77,15.13,0.0,13.09,40.9,-2.61,22.22,42.58,9.26
142,75.0,13.22,0.0,287.95,43.9,0.0,5.56,0.0,3.0,99.45,76.76,2.95,174.93,4.41,0.0,94.52,75.0,97.69,28.35,4.88,0.0,277.45,40.82,0.0,6.06,41.29,72.9,26.92,67.77,17.05,8.39,9.68,10.97,70.97,6.85,18.67,171.51,9.89,171.51,0.78,5.9,0.0,0.0,15.74,71.36,33.43,100.0,2.16,2035.0,84.4,0.0,287.95,3.44,1.24,0.98,64.84,110.7,16.67,14.08,9.83,2.95,1.34,4.03,16.82,17.12,31.13,15.87
143,100.0,8.1,0.0,335.97,52.2,0.0,6.65,0.0,3.0,99.18,19.05,4.02,203.88,0.0,0.0,44.7,100.0,100.0,42.31,0.0,0.0,270.85,49.98,0.0,0.0,45.12,70.4,0.0,66.0,10.44,17.24,6.9,27.59,48.28,4.05,22.09,152.02,0.0,152.02,0.88,0.0,0.0,0.0,20.09,59.35,20.09,100.0,0.4,249.0,86.44,0.0,335.97,16.06,0.61,0.36,60.14,172.3,26.32,39.53,12.05,4.02,5.37,11.93,19.71,18.1,24.53,15.62
144,100.0,5.73,29.81,236.9,51.9,0.0,2.14,2.07,3.0,100.0,98.27,-0.22,165.43,8.92,5.51,3121.0,100.0,67.67,43.7,3.86,0.55,319.03,87.18,131.88,3.08,27.5,75.0,17.35,71.83,23.89,18.22,5.0,1.19,75.59,5.45,14.01,64.15,5.53,64.15,0.6,9.69,0.0,15.9,19.9,56.52,17.86,88.07,7.0,18166.0,77.43,1.27,236.9,7.76,16.92,1.72,27.84,79.3,29.83,16.86,8.53,-0.22,1.01,11.03,3.26,9.14,15.13,10.46
145,45.16,3.47,0.0,170.9,38.4,3.26,1.41,3.26,3.0,100.0,94.27,-0.22,160.0,10.4,7.43,484.58,45.16,77.04,31.03,3.84,1.1,422.59,24.96,115.38,4.6,50.19,72.6,29.49,69.74,24.75,10.19,8.34,3.52,77.94,5.06,12.57,96.51,7.05,96.51,0.59,2.1,0.88,13.81,19.96,58.38,19.08,67.26,4.29,18133.0,55.56,1.59,170.9,3.14,5.7,2.54,69.0,86.6,14.93,13.03,8.77,-0.22,4.26,13.05,-1.44,12.38,24.04,8.7
146,60.0,5.91,0.0,65.83,35.7,0.0,3.91,0.0,3.0,100.0,88.24,-2.52,172.19,1.69,1.69,146.91,60.0,100.0,77.17,8.47,0.0,197.18,41.12,0.0,4.17,66.88,70.8,27.0,72.97,19.16,14.94,1.15,6.9,77.01,7.59,16.13,71.86,0.0,71.86,0.92,20.17,0.0,0.0,13.83,79.12,40.92,99.02,3.7,1190.0,85.59,0.0,65.83,8.4,6.3,0.49,36.54,176.7,4.43,22.54,7.56,-2.52,6.48,9.32,19.36,10.0,14.31,5.32
147,66.67,3.96,66.87,217.28,51.6,1.87,2.52,3.55,3.0,99.18,112.41,0.18,152.11,7.75,3.6,479.64,66.67,90.72,48.7,3.61,1.8,213.55,26.45,135.19,8.11,32.6,71.0,21.08,68.97,18.47,18.53,14.71,3.24,63.53,5.05,17.29,110.38,7.32,110.38,0.69,10.61,0.0,105.16,21.61,59.67,19.86,94.78,8.58,5559.0,76.76,0.72,217.28,4.86,6.94,0.43,63.68,88.0,6.34,10.28,8.99,0.18,2.27,10.04,6.84,12.06,15.67,5.77
148,66.67,16.48,0.0,12.66,38.5,0.0,9.9,0.0,3.0,99.18,102.7,2.75,206.13,0.0,0.0,108.68,66.67,98.44,37.64,0.0,0.0,427.21,86.02,0.0,0.0,52.75,60.6,32.97,72.86,20.39,27.03,18.92,2.7,51.35,5.49,18.18,294.54,0.0,294.54,0.97,0.0,0.0,0.0,18.24,48.11,11.64,93.1,8.26,363.0,81.58,2.75,12.66,19.28,2.99,0.3,54.19,101.2,20.34,30.38,5.51,2.75,2.15,3.85,-5.47,19.35,49.74,28.99
149,92.0,2.6,36.72,206.7,53.4,1.15,4.64,5.74,3.0,99.2,43.93,-4.62,153.48,11.23,6.03,200.33,92.0,71.51,29.79,4.71,1.19,338.35,67.33,116.22,4.39,40.2,76.5,17.14,74.92,24.89,14.34,11.75,4.18,69.72,4.37,13.83,116.34,6.97,116.34,0.66,6.28,0.95,49.05,18.27,57.86,19.64,83.6,3.63,8438.0,57.58,1.06,206.7,0.59,2.92,0.31,79.13,85.1,10.4,13.99,7.23,-4.62,9.88,3.31,-2.12,13.62,32.33,12.48
150,22.22,15.3,0.0,265.37,34.4,0.0,4.63,20.05,3.0,99.18,34.82,-2.09,201.09,8.34,2.09,166.63,22.22,92.73,32.7,6.93,6.98,316.33,58.79,130.0,4.65,26.2,61.6,26.43,75.83,22.33,12.5,12.5,3.41,71.59,7.65,15.42,176.05,6.81,176.05,0.68,6.98,6.98,0.0,20.0,55.67,19.09,97.52,7.61,1433.0,80.31,0.0,265.37,0.7,2.86,1.16,71.74,93.7,3.56,6.68,9.07,-2.09,0.58,7.75,-0.42,16.81,32.39,8.93
151,75.0,42.28,0.0,222.63,45.5,0.0,5.33,0.0,3.0,100.0,45.03,2.22,501.16,5.64,2.25,39.17,75.0,100.0,24.41,5.72,0.0,351.58,9.3,0.0,5.17,44.45,73.6,49.04,57.76,17.17,6.79,37.86,5.71,49.64,7.33,16.83,57.58,11.74,57.58,0.99,21.11,0.0,0.0,20.11,60.78,21.42,97.56,5.94,1800.0,73.21,0.0,222.63,32.22,6.84,3.79,46.51,109.3,0.42,7.91,8.33,2.22,0.87,13.34,13.42,15.76,20.02,21.01
152,20.0,55.79,0.0,267.18,38.3,0.0,0.0,133.59,3.0,98.9,16.26,8.66,107.42,4.29,0.0,15.71,20.0,98.36,100.0,0.0,0.0,238.56,48.9,0.0,0.0,20.56,59.5,12.88,59.31,19.48,0.0,5.0,25.0,70.0,21.46,13.42,324.88,0.0,324.88,0.88,294.37,0.0,0.0,27.93,68.47,21.62,100.0,5.19,231.0,83.2,0.0,267.18,8.66,0.16,0.07,82.99,102.1,21.74,19.08,8.66,8.66,6.21,9.84,-7.6,20.14,22.22,54.05
153,42.5,7.12,79.96,109.44,46.8,0.66,2.73,0.73,3.0,99.45,132.85,1.51,171.76,11.28,8.99,3754.0,42.5,62.73,28.14,2.92,1.28,366.69,42.13,130.7,6.72,42.59,76.3,27.43,61.61,18.32,11.14,4.21,0.55,84.1,5.38,14.99,111.53,5.21,111.53,0.63,6.92,0.51,37.1,16.6,71.3,31.5,70.5,4.61,31197.0,79.06,1.33,109.44,3.49,32.41,5.66,5.78,84.9,13.52,11.96,8.78,1.51,3.04,6.11,6.78,8.75,8.97,8.96
154,100.0,2.36,38.52,160.93,39.5,6.72,2.86,0.81,3.0,100.0,60.43,-5.26,172.55,15.68,9.16,3971.0,100.0,79.33,65.78,4.18,0.0,266.95,66.42,81.11,7.28,42.0,64.9,35.39,72.1,24.09,11.89,4.88,3.82,79.41,9.58,13.53,-6.6,6.84,-6.6,0.5,18.54,0.14,51.12,17.84,62.85,25.69,86.52,5.06,7228.0,66.37,1.11,160.93,8.02,29.51,0.55,11.54,82.0,4.03,3.23,5.67,-5.26,17.88,29.03,-2.3,11.02,27.34,5.04
155,14.29,6.8,0.0,322.69,32.2,3.1,2.53,3.41,3.0,98.9,70.65,1.98,173.11,7.08,3.68,229.03,14.29,88.44,30.32,2.84,2.83,283.08,62.53,0.0,4.26,50.16,72.1,37.69,60.05,16.78,14.29,16.79,1.43,67.5,3.68,17.06,132.29,11.39,132.29,0.78,0.0,0.0,0.0,23.49,62.11,19.7,96.43,7.22,3534.0,81.59,0.28,322.69,2.83,5.18,0.26,65.91,87.9,9.59,23.25,10.19,1.98,0.19,2.71,19.07,17.18,35.56,9.05
156,25.0,14.62,0.0,248.29,42.8,0.0,1.54,0.0,3.0,100.0,71.43,4.83,170.3,2.44,0.0,66.97,25.0,96.33,77.78,8.2,0.0,214.26,40.13,0.0,2.22,21.63,68.5,30.87,55.18,14.56,10.84,0.0,24.1,65.06,9.75,17.14,98.41,0.0,98.41,0.69,15.29,0.0,0.0,18.12,76.32,33.79,98.84,1.93,1243.0,86.3,0.0,248.29,0.8,4.75,0.97,59.05,95.0,1.52,11.73,11.26,4.83,12.24,19.32,25.43,10.39,21.93,12.9
157,60.0,43.27,0.0,754.24,44.0,0.0,0.0,0.0,3.0,100.0,16.13,-9.85,381.39,9.62,4.81,21.19,60.0,100.0,84.38,0.0,0.0,303.43,10.21,0.0,0.0,78.85,68.5,33.65,86.24,28.57,2.78,27.78,36.11,33.33,19.23,13.79,0.9,48.31,0.9,0.83,49.26,0.0,0.0,18.37,51.53,12.76,83.33,12.32,203.0,67.35,0.0,754.24,-44.33,1.38,58.98,19.21,99.5,9.03,59.32,14.78,-9.85,13.31,32.19,-11.74,36.97,40.35,37.04
158,100.0,14.21,0.0,161.14,29.3,0.0,3.25,0.0,3.0,99.45,63.65,5.02,173.94,7.11,5.85,146.0,100.0,93.8,33.83,4.18,0.0,222.37,29.46,0.0,3.85,35.87,71.4,42.64,66.32,18.79,13.08,8.88,11.21,66.82,7.53,15.82,118.58,4.11,118.58,0.8,19.67,0.0,0.0,17.23,68.13,30.4,100.0,3.89,2390.0,83.14,0.42,161.14,8.37,2.05,1.34,56.32,115.8,3.53,6.4,11.72,5.02,2.48,10.81,-0.87,17.24,23.05,7.63
159,88.24,9.18,0.0,187.88,37.1,1.67,4.94,3.34,3.0,100.0,94.6,-2.49,179.67,5.67,4.51,711.33,88.24,86.8,32.56,3.36,3.32,312.72,60.14,87.5,4.7,48.6,66.9,28.7,56.01,16.71,22.12,16.55,2.88,58.45,6.84,14.39,86.49,8.32,86.49,0.84,8.63,0.0,7.94,23.12,61.66,16.21,96.82,3.9,6025.0,81.24,1.01,187.88,0.0,10.54,1.42,41.09,76.7,8.95,11.36,6.14,-2.49,0.72,12.09,0.99,9.7,15.42,8.81
160,20.0,13.33,0.0,251.13,71.3,0.0,8.12,0.0,3.0,99.18,60.32,-5.03,166.15,1.67,0.0,49.22,20.0,98.67,35.02,0.0,0.0,247.82,40.21,0.0,10.53,52.75,59.0,10.0,75.07,21.61,12.5,22.92,16.67,47.92,8.33,16.75,12.34,15.62,12.34,0.85,48.58,0.0,0.0,16.9,45.37,14.06,100.0,5.86,597.0,78.04,0.0,251.13,11.73,1.29,0.33,73.95,100.0,3.31,7.56,5.03,-5.03,4.4,5.96,-2.13,26.33,23.68,10.2
161,75.0,10.59,0.0,180.88,40.0,0.0,6.42,0.0,3.0,99.45,43.58,-9.32,173.58,9.32,11.44,157.3,75.0,95.84,19.64,4.24,8.47,531.76,38.62,140.34,8.16,46.64,77.5,99.53,72.59,19.82,12.13,13.83,2.34,71.7,13.13,13.85,234.86,0.0,234.86,1.08,19.06,0.0,376.07,16.86,73.91,33.48,97.3,7.16,2361.0,86.07,0.85,180.88,24.99,10.0,2.73,32.05,121.5,7.62,46.81,6.78,-9.32,2.18,5.34,8.3,11.9,33.83,6.04
162,33.33,21.35,0.0,297.8,43.2,0.0,10.87,0.0,3.0,98.9,30.61,-7.71,419.14,3.42,4.27,50.56,33.33,100.0,27.78,8.53,17.12,353.78,87.52,0.0,7.69,50.7,67.7,40.14,65.21,22.43,4.27,37.44,8.53,49.76,11.96,13.7,273.55,0.0,273.55,1.12,43.66,0.0,0.0,20.62,54.33,18.08,100.0,2.57,1168.0,73.84,0.0,297.8,2.57,2.73,0.17,68.79,160.7,12.93,44.84,4.28,-7.71,3.2,12.11,0.52,13.6,26.65,6.76
163,84.62,5.82,0.0,73.74,35.2,2.02,8.3,6.06,3.0,100.0,66.88,1.2,172.64,12.04,9.23,110.55,84.62,89.04,42.34,4.02,8.0,290.29,69.98,108.47,4.58,40.0,70.8,20.06,67.19,20.7,9.3,11.37,9.56,69.77,6.42,15.48,79.29,10.04,79.29,0.71,9.2,3.8,38.65,20.82,59.14,20.11,72.52,12.12,4999.0,67.31,0.6,73.74,-8.6,1.51,0.15,77.42,94.0,20.89,16.16,11.0,1.2,9.69,22.25,6.91,16.51,23.71,6.26
164,40.0,13.53,0.0,138.39,51.1,22.32,4.89,22.32,3.0,100.0,15.72,-9.31,171.32,1.04,0.0,60.59,40.0,100.0,56.86,0.0,0.0,276.22,58.53,0.0,0.0,54.47,65.3,35.38,66.72,20.37,7.58,7.58,16.67,68.18,7.28,15.2,92.62,0.0,92.62,0.78,12.41,0.0,0.0,16.14,73.97,37.81,100.0,2.07,967.0,89.24,0.0,138.39,1.03,1.36,1.07,70.61,112.3,15.66,29.02,5.17,-9.31,7.03,15.28,14.17,22.68,37.66,22.9
165,66.67,7.63,0.0,283.24,55.5,0.0,16.69,0.0,3.0,98.9,10.49,-1.9,172.99,1.91,0.0,29.88,66.67,97.03,48.19,0.0,0.0,263.67,16.0,0.0,5.56,27.39,63.0,24.81,61.04,19.62,18.18,20.0,7.27,54.55,7.63,15.81,353.26,0.0,353.26,0.88,0.0,0.0,0.0,21.03,59.06,21.48,93.33,6.86,525.0,79.72,0.0,283.24,-3.81,0.54,0.06,67.84,117.5,10.1,19.27,15.24,-1.9,3.68,13.3,10.99,16.48,23.86,16.95
166,77.78,36.1,0.0,275.55,47.2,0.0,4.07,0.0,3.0,100.0,29.25,0.5,154.07,7.91,1.98,79.59,77.78,93.37,17.5,4.92,0.0,284.76,37.13,0.0,5.63,34.9,71.2,19.78,77.58,17.3,11.98,23.35,7.78,56.89,5.44,21.37,117.74,5.01,117.74,0.56,5.96,0.0,0.0,22.05,61.95,18.62,100.0,7.16,2012.0,75.23,0.49,275.55,5.96,0.87,0.2,80.58,99.7,29.78,27.92,9.44,0.5,0.73,0.42,16.98,18.37,22.92,12.2
167,100.0,20.36,0.0,130.77,45.9,0.0,0.0,0.0,3.0,100.0,12.74,-10.13,169.71,0.0,0.0,17.39,100.0,100.0,100.0,0.0,0.0,318.73,42.04,0.0,0.0,53.52,62.8,17.81,74.78,22.28,13.64,0.0,45.45,40.91,2.54,17.47,375.98,0.0,375.98,0.84,0.0,0.0,0.0,22.54,64.79,25.35,96.3,3.54,395.0,87.13,0.0,130.77,7.59,0.39,0.22,86.88,135.3,5.95,12.82,5.06,-10.13,11.95,16.98,5.9,20.0,49.11,17.24
168,100.0,10.96,0.0,334.11,40.6,23.2,0.0,69.61,3.0,100.0,12.46,2.22,177.12,0.0,0.0,65.17,100.0,98.48,85.56,0.0,0.0,247.97,63.56,0.0,0.0,26.97,64.0,43.86,59.36,19.51,10.26,7.69,15.38,66.67,26.32,13.75,16.44,0.0,16.44,0.76,2099.0,0.0,0.0,19.82,69.35,27.88,100.0,3.33,451.0,90.16,2.17,334.11,-4.43,1.46,2.75,60.69,113.3,16.56,58.0,4.43,2.22,16.77,29.67,9.73,11.02,26.89,16.39
169,25.0,10.72,0.0,79.77,45.4,0.0,13.11,0.0,3.0,100.0,36.59,-5.33,215.12,1.34,1.34,60.14,25.0,99.44,64.86,0.0,0.0,271.28,56.11,150.67,5.56,54.47,65.2,13.4,68.92,21.47,7.14,2.38,11.9,78.57,10.72,16.53,187.56,0.0,187.56,0.87,46.67,0.0,465.84,22.2,65.99,27.33,95.16,1.33,750.0,84.94,0.0,79.77,-4.0,0.45,0.08,68.81,136.0,86.96,56.98,6.67,-5.33,8.13,16.37,16.1,14.06,25.08,32.26
170,87.5,4.35,0.0,461.85,49.9,0.0,35.67,0.0,3.0,100.0,39.11,8.7,363.61,4.35,0.0,26.26,87.5,100.0,81.25,0.0,0.0,489.19,7.73,0.0,0.0,50.31,63.7,26.09,57.53,26.09,2.33,6.98,62.79,27.91,4.35,6.96,-144.39,42.37,-144.39,0.96,0.0,0.0,0.0,17.72,57.09,20.87,96.15,6.09,230.0,68.37,0.0,461.85,26.09,2.13,66.1,5.71,104.7,4.88,32.13,13.04,8.7,2.65,46.33,-16.36,37.88,39.39,52.63
171,0.0,18.96,0.0,219.57,31.6,23.87,0.0,0.0,3.0,100.0,12.82,-4.69,169.99,0.0,0.0,29.48,0.0,100.0,100.0,0.0,0.0,199.21,55.36,0.0,0.0,54.47,60.7,42.65,63.22,24.88,7.14,3.57,25.0,64.29,9.48,11.27,79.48,0.0,79.48,1.0,39.91,0.0,0.0,19.39,64.29,20.66,100.0,3.52,426.0,89.02,0.0,219.57,11.74,0.68,1.18,70.87,155.6,6.14,16.71,7.04,-4.69,7.47,10.18,7.85,17.62,46.18,27.03
172,33.33,4.28,0.0,171.31,83.0,0.0,7.6,0.0,3.0,100.0,71.85,-6.45,173.18,6.96,2.14,472.34,33.33,86.3,41.22,5.33,5.37,323.15,51.26,95.89,7.32,34.61,66.5,38.01,69.18,25.26,9.79,4.9,7.69,77.62,11.78,12.41,31.22,10.57,31.22,0.6,264.37,0.0,155.32,15.29,71.07,32.25,100.0,3.12,1861.0,77.69,1.07,171.31,1.07,7.56,0.0,47.72,90.0,9.46,15.48,9.13,-6.45,16.95,22.04,0.11,16.04,25.42,13.64
173,70.59,11.88,12.34,81.08,42.3,4.84,1.73,4.24,3.0,100.0,66.61,1.21,172.79,10.96,7.73,391.27,70.59,87.24,35.84,3.47,1.73,285.03,47.82,88.33,6.76,43.73,74.7,32.64,62.36,15.86,9.28,9.35,3.66,77.71,5.42,17.42,47.19,6.45,47.19,0.65,11.22,2.01,52.59,16.47,69.01,30.41,88.46,6.79,17384.0,65.2,1.21,81.08,9.61,13.03,1.1,46.52,106.0,1.37,4.24,8.57,1.21,5.18,13.41,12.88,13.36,15.6,9.05
174,100.0,12.93,0.0,349.4,45.0,48.19,10.04,96.39,3.0,100.0,66.28,-10.73,171.79,0.0,0.0,19.18,100.0,98.58,43.24,0.0,0.0,345.52,101.3,158.33,9.09,42.0,65.9,34.48,64.08,22.75,14.29,0.0,17.14,68.57,12.93,12.23,63.51,0.0,63.51,0.82,47.21,53.65,669.81,21.24,59.19,20.05,100.0,3.22,466.0,81.82,0.0,349.4,6.44,0.32,0.29,80.98,125.1,49.18,72.29,2.15,-10.73,15.0,20.37,22.31,17.82,41.62,40.0
175,33.33,12.9,0.0,139.61,39.6,0.0,0.0,77.92,3.0,100.0,80.25,-3.22,170.78,3.23,3.23,58.35,33.33,98.89,46.67,0.0,0.0,171.41,44.74,0.0,0.0,45.02,70.7,51.61,60.31,14.79,15.79,5.26,15.79,63.16,9.68,16.08,378.51,0.0,378.51,0.75,128.62,0.0,0.0,19.63,77.41,35.56,100.0,1.61,311.0,91.16,0.0,139.61,6.43,3.32,0.38,46.34,171.0,9.26,64.94,3.22,-3.22,12.76,17.78,1.97,19.74,20.51,20.83
176,100.0,13.45,44.07,75.02,52.5,2.73,3.3,10.91,3.0,99.45,84.85,0.66,173.72,6.6,3.83,361.77,100.0,91.1,27.6,3.96,0.0,372.5,103.23,137.67,4.98,47.61,68.8,49.33,60.44,18.7,15.96,6.6,4.26,73.19,7.65,14.65,289.78,5.25,289.78,0.7,12.8,0.0,157.37,25.57,64.29,17.57,66.67,2.85,7579.0,70.57,1.19,75.02,0.13,11.4,1.48,40.72,84.3,9.62,30.01,9.76,0.66,0.41,9.8,9.16,10.4,24.59,20.75
177,100.0,11.86,0.0,302.42,33.9,80.65,0.0,241.94,3.0,99.18,22.22,-8.03,156.92,0.0,0.0,28.89,100.0,100.0,100.0,0.0,0.0,529.9,138.03,0.0,12.5,61.3,67.3,35.57,79.14,19.68,14.29,0.0,38.1,47.62,7.91,19.68,382.72,0.0,382.72,0.9,96.39,0.0,0.0,23.08,60.1,18.27,100.0,0.0,249.0,85.26,0.0,302.42,0.0,0.38,2.43,67.98,125.7,47.62,80.65,8.03,-8.03,3.82,8.73,14.22,16.15,34.64,40.0
178,84.62,3.74,0.0,171.28,54.4,9.96,3.51,0.0,3.0,100.0,47.32,-0.74,151.33,10.28,5.42,194.53,84.62,89.42,54.97,3.75,1.86,258.97,27.23,114.58,4.35,36.1,66.2,21.86,66.05,19.74,12.3,11.04,10.41,66.25,6.54,15.81,51.43,7.56,51.43,0.61,107.53,0.0,45.24,20.03,57.11,18.74,94.53,6.96,5375.0,72.08,1.31,171.28,1.49,1.72,0.87,68.66,87.8,5.19,3.98,8.93,-0.74,2.89,7.56,9.4,11.31,13.8,4.24
179,100.0,30.94,0.0,191.0,37.3,0.0,8.31,0.0,3.0,100.0,8.16,-2.84,175.43,1.41,2.81,28.41,100.0,100.0,42.22,6.96,7.11,270.75,42.12,50.0,7.89,65.29,64.0,34.46,72.85,22.67,13.82,10.57,18.7,56.91,7.03,15.85,262.13,0.0,262.13,0.9,51.88,0.0,125.39,16.77,62.7,23.9,97.37,2.06,1407.0,82.08,0.0,191.0,27.72,0.62,1.41,78.05,127.5,0.57,0.68,6.4,-2.84,7.04,11.96,2.1,11.28,33.07,16.04
180,50.0,7.69,0.0,170.94,42.9,42.74,4.9,0.0,3.0,100.0,38.71,-11.54,138.63,0.0,0.0,22.13,50.0,100.0,57.89,0.0,0.0,208.62,55.92,0.0,0.0,41.51,67.0,3.85,53.85,16.54,18.75,6.25,12.5,62.5,11.54,14.62,223.81,0.0,223.81,0.7,0.0,0.0,0.0,17.62,66.08,26.43,100.0,4.23,260.0,84.82,0.0,170.94,-7.69,0.55,0.43,76.09,178.8,2.7,8.55,7.69,-11.54,17.83,22.59,13.04,30.5,45.16,100.0
181,50.0,17.7,0.0,568.72,48.8,0.0,0.0,94.79,3.0,100.0,0.0,-8.85,365.2,4.42,0.0,25.22,50.0,100.0,74.74,0.0,0.0,487.77,4.3,0.0,0.0,57.08,62.4,13.27,47.71,18.14,3.64,25.45,52.73,18.18,13.27,10.18,11.6,46.73,11.6,0.91,88.5,0.0,0.0,14.29,50.22,11.26,94.74,22.57,226.0,47.62,0.0,568.72,-128.32,1.32,77.12,5.8,115.9,1.39,4.74,4.42,-8.85,15.84,34.72,3.67,15.49,33.78,66.67
182,100.0,18.55,0.0,238.06,32.1,2.01,2.53,7.04,3.0,100.0,38.98,1.67,218.96,13.25,11.49,171.41,100.0,86.94,30.84,3.93,8.82,339.64,66.93,139.42,6.99,48.6,72.5,53.21,65.57,18.82,14.38,10.56,4.77,70.29,7.66,15.69,145.83,8.02,145.83,1.05,68.14,0.39,52.11,19.27,64.21,22.67,97.51,3.36,10199.0,67.55,1.28,238.06,3.92,4.17,0.57,56.1,101.1,8.76,19.1,9.71,1.67,1.93,12.52,4.01,11.96,15.54,9.86
183,16.67,8.6,0.0,257.17,46.5,8.96,4.02,0.0,3.0,100.0,13.24,5.19,218.69,4.3,1.72,38.14,16.67,96.91,42.57,8.54,0.0,398.32,14.21,113.64,5.56,65.17,69.8,14.62,56.72,16.02,14.89,14.89,21.28,48.94,6.02,16.88,-25.05,8.64,-25.05,0.82,0.0,0.0,118.92,24.73,61.24,18.06,100.0,4.5,1155.0,76.46,0.0,257.17,-0.87,1.2,1.06,75.53,117.5,21.65,63.62,14.72,5.19,12.99,20.67,8.55,10.89,16.58,25.16
184,100.0,24.34,0.0,754.22,47.1,10.55,7.07,0.0,3.0,99.18,500.0,4.21,615.87,17.99,20.11,135.96,100.0,94.97,15.39,10.63,31.61,294.56,80.12,0.0,6.25,30.1,65.7,48.68,80.42,28.35,1.72,16.38,5.17,76.72,12.7,12.96,1721.0,0.0,1721.0,1.38,88.51,0.0,0.0,21.51,54.65,15.93,100.0,6.53,949.0,65.07,2.13,754.22,-3.16,8.95,3.15,49.71,108.7,3.88,21.1,8.43,4.21,0.73,7.83,1.39,35.23,45.65,17.86
185,23.08,1.89,78.47,87.85,32.8,4.52,3.94,0.0,3.0,100.0,86.56,-6.72,174.02,14.49,7.78,1975.0,23.08,75.0,50.29,4.71,0.0,308.19,106.18,113.92,5.36,40.0,62.7,23.1,66.9,24.45,8.89,5.98,9.06,76.07,5.54,11.35,314.08,7.0,314.08,0.5,6.49,2.95,26.05,16.64,52.72,17.5,77.88,5.73,8477.0,58.27,1.06,87.85,0.71,11.38,1.17,52.68,78.2,21.78,14.11,5.9,-6.72,5.44,28.42,-6.56,13.52,30.52,5.97
186,52.94,6.64,36.99,160.89,40.4,4.1,3.05,1.13,3.0,99.18,67.67,1.1,150.75,14.29,8.15,1760.0,52.94,77.49,46.25,4.05,0.0,372.26,72.98,131.94,3.73,51.7,69.8,28.78,69.26,19.73,22.14,4.18,1.25,72.42,5.13,16.14,60.51,9.18,60.51,0.55,0.0,0.0,36.49,20.09,63.54,21.89,67.45,14.78,9998.0,71.88,1.32,160.89,12.1,14.3,0.7,55.28,84.6,10.06,6.66,11.0,1.1,0.88,10.11,7.06,14.13,30.74,3.91
187,50.0,9.76,0.0,403.14,43.0,104.71,52.82,0.0,3.0,99.18,57.14,4.78,146.06,0.0,0.0,32.5,50.0,98.04,100.0,0.0,0.0,407.51,132.43,0.0,11.11,38.2,66.9,43.9,74.17,16.75,5.56,16.67,33.33,44.44,4.88,21.53,92.66,0.0,92.66,0.76,0.0,0.0,0.0,21.08,64.46,22.89,100.0,4.78,209.0,84.52,0.0,403.14,33.49,0.75,0.47,59.41,146.9,9.43,26.18,19.14,4.78,5.55,9.75,19.43,32.67,20.69,30.3
188,100.0,0.0,0.0,390.24,40.0,81.3,0.0,0.0,3.0,99.18,23.26,0.0,150.23,0.0,0.0,21.56,100.0,100.0,54.55,0.0,0.0,379.29,119.36,0.0,0.0,45.47,59.7,7.94,81.43,16.54,0.0,11.11,33.33,55.56,0.0,25.2,361.84,0.0,361.84,0.74,0.0,0.0,0.0,17.39,53.26,11.96,100.0,1.57,127.0,77.78,0.0,390.24,0.0,0.58,0.85,75.21,133.2,66.67,211.38,7.87,0.0,9.68,11.24,10.43,22.81,23.64,0.0
189,100.0,10.08,0.0,215.08,40.5,1.94,2.39,7.19,3.0,100.0,118.25,3.41,152.48,11.45,5.64,603.81,100.0,79.09,70.67,3.42,0.0,234.08,43.46,25.0,4.92,41.1,72.6,28.19,64.8,16.48,17.39,3.66,5.03,73.91,8.2,18.39,77.53,8.78,77.53,0.56,166.98,0.0,12.44,20.13,63.17,21.18,96.28,7.41,5857.0,75.05,1.2,215.08,3.76,4.58,5.8,31.75,92.8,19.52,15.93,11.61,3.41,0.19,16.67,21.04,19.77,13.46,9.48
190,33.33,14.45,0.0,341.17,41.9,0.0,2.08,68.23,3.0,99.18,77.06,0.0,152.86,8.37,0.76,191.82,33.33,86.67,14.63,7.6,0.0,239.02,28.57,0.0,7.32,56.4,69.0,22.81,70.21,19.48,7.95,14.77,2.27,75.0,8.37,17.28,47.57,15.33,47.57,0.8,19.03,0.0,0.0,22.94,64.55,18.68,98.97,9.36,1314.0,62.99,0.0,341.17,8.37,5.04,1.02,68.91,103.0,5.09,12.89,9.89,0.0,2.7,4.34,1.0,15.93,20.65,9.57
191,90.0,26.14,0.0,317.26,45.8,4.16,4.98,0.0,3.0,100.0,56.77,-1.12,180.77,4.92,2.65,26.16,90.0,89.42,34.89,3.84,7.48,226.21,42.47,112.2,5.26,48.71,69.6,31.06,71.68,20.24,9.87,9.87,26.01,54.26,6.06,16.16,198.33,15.33,198.33,0.8,23.19,29.93,79.48,18.68,64.63,23.91,94.19,4.71,2673.0,72.98,0.77,317.26,0.75,0.71,0.47,71.1,110.2,8.78,19.96,7.48,-1.12,4.76,14.35,14.04,27.28,24.2,14.56
192,33.33,11.58,0.0,243.03,43.4,2.37,2.49,4.15,3.0,99.45,67.46,-4.06,173.53,7.29,3.22,1048.0,33.33,91.08,29.24,3.58,1.19,445.75,58.15,150.83,4.4,37.64,61.5,32.6,59.88,20.57,18.42,10.84,0.86,69.88,6.09,12.61,46.77,4.76,46.77,0.68,4.54,0.0,69.65,23.9,57.73,14.72,93.92,2.15,8376.0,82.74,1.08,243.03,-0.96,17.85,2.0,11.39,74.9,10.96,8.54,5.61,-4.06,0.14,6.37,-2.34,11.41,30.55,9.61
193,66.67,6.95,0.0,285.26,38.9,0.0,7.46,19.7,3.0,100.0,28.83,-1.54,237.17,6.95,1.54,104.77,66.67,100.0,38.26,7.72,7.72,294.09,46.59,120.0,10.0,44.45,63.9,18.53,74.06,21.24,5.71,15.71,10.0,68.57,8.49,17.99,36.82,7.71,36.82,0.62,23.17,0.0,72.73,21.1,60.46,21.54,96.91,6.64,1295.0,74.32,0.0,285.26,-3.09,2.22,0.32,63.14,92.2,5.16,14.18,6.95,-1.54,4.76,18.71,9.56,19.59,30.59,24.1
194,80.0,4.2,0.0,200.25,39.4,3.08,4.24,0.0,3.0,100.0,60.59,6.89,363.89,7.5,4.5,74.05,80.0,86.25,39.31,3.01,3.0,363.83,11.52,102.08,5.08,41.03,72.7,27.01,69.87,15.46,7.55,17.19,22.66,52.6,3.0,21.33,31.75,15.16,31.75,0.75,0.0,5.39,58.14,14.9,54.15,15.07,92.56,10.28,3338.0,50.42,0.0,200.25,4.49,4.11,58.07,7.74,98.0,1.32,6.16,14.08,6.89,2.29,44.84,10.75,16.61,16.62,9.98
195,45.45,8.0,27.53,167.66,47.4,3.65,3.6,1.0,3.0,98.9,48.22,-4.74,152.02,9.67,6.16,105.95,45.45,84.13,21.39,3.52,1.76,307.62,63.38,77.34,5.4,31.77,80.2,11.43,75.18,22.48,8.24,11.65,9.66,70.45,4.57,15.87,194.69,7.98,194.69,0.65,27.91,0.0,49.98,17.58,61.65,25.93,65.91,4.31,11394.0,32.97,1.32,167.66,1.58,1.74,0.19,74.34,94.6,10.02,12.5,6.93,-4.74,9.04,8.19,5.93,12.81,23.13,9.87
196,71.43,52.43,0.0,824.32,46.3,0.0,12.55,0.0,3.0,98.36,31.7,-3.79,323.12,0.0,0.0,4.26,71.43,98.84,100.0,0.0,0.0,222.75,14.16,0.0,0.0,80.37,64.2,33.71,52.6,21.97,5.71,8.57,37.14,48.57,11.24,7.95,219.54,37.17,219.54,1.03,90.91,0.0,0.0,25.0,64.55,18.28,100.0,2.27,264.0,83.33,0.0,824.32,15.15,0.61,21.0,61.6,110.9,2.56,30.41,0.0,-3.79,14.97,22.94,4.35,17.43,25.19,41.67
197,77.78,5.52,0.0,117.66,48.4,4.66,2.34,0.93,3.0,100.0,72.54,1.6,170.37,8.51,5.06,747.36,77.78,91.16,64.78,2.32,0.0,315.85,34.42,0.0,3.81,69.62,73.6,54.07,58.03,16.87,10.14,2.7,2.7,84.46,8.05,14.93,99.05,9.21,99.05,0.73,12.99,0.0,0.0,15.23,79.39,38.34,87.76,5.17,4387.0,84.93,1.16,117.66,7.29,19.49,1.53,44.8,100.3,9.15,6.06,8.21,1.6,12.75,16.02,7.5,13.67,29.04,4.62
198,79.49,6.1,20.62,67.91,58.0,0.0,1.42,0.52,3.0,99.45,120.71,-5.85,174.61,13.02,7.68,14457.0,79.49,74.93,52.44,3.88,0.43,326.73,55.72,148.3,4.02,35.43,65.9,33.97,70.72,26.51,12.91,2.42,0.11,84.55,6.81,11.2,42.3,5.73,42.3,0.47,6.9,0.0,38.44,19.13,58.27,20.92,70.35,4.0,46120.0,79.54,1.42,67.91,4.79,38.34,1.88,0.0,75.3,19.37,4.91,5.79,-5.85,2.19,6.94,-4.68,6.57,33.17,4.17
199,83.33,26.39,0.0,586.34,50.7,0.0,0.0,3.07,3.0,98.36,45.61,-1.45,63.61,2.93,4.4,54.13,83.33,96.62,22.78,7.39,29.09,430.2,22.3,123.53,9.68,52.47,69.5,27.13,59.51,12.87,16.38,5.17,16.38,62.07,7.33,19.64,117.14,7.36,117.14,0.75,130.91,0.0,192.09,21.15,64.44,19.0,98.28,10.11,1375.0,82.55,1.48,586.34,20.36,9.72,56.54,14.57,113.2,2.77,14.58,5.82,-1.45,1.46,21.2,21.68,11.89,28.61,27.78
200,37.5,9.99,0.0,221.29,42.2,0.0,3.57,0.0,3.0,100.0,110.52,1.79,214.61,7.99,4.4,132.66,37.5,96.26,30.76,2.01,3.98,560.17,26.89,110.0,3.72,52.03,73.0,32.37,62.15,15.42,8.95,8.95,7.72,74.38,4.8,18.55,54.4,12.12,54.4,0.67,1.99,0.0,64.52,19.05,54.31,14.63,80.0,10.87,5025.0,63.87,0.2,221.29,-2.59,5.74,61.06,20.38,91.0,37.64,104.79,11.14,1.79,1.02,21.2,14.02,16.66,10.38,5.52
201,66.67,9.58,0.0,501.52,69.3,0.0,10.39,0.0,3.0,100.0,75.83,-12.38,342.58,6.39,0.0,30.19,66.67,100.0,55.56,0.0,0.0,1507.0,5.41,116.67,33.33,60.16,66.0,22.36,76.5,29.41,1.49,26.87,44.78,26.87,15.97,9.91,185.98,34.48,185.98,0.88,105.26,0.0,505.26,17.76,57.92,15.83,100.0,6.19,323.0,47.14,0.0,501.52,-12.38,2.45,59.44,17.01,124.5,7.69,42.55,21.67,-12.38,10.11,33.11,3.19,10.36,14.83,22.22
202,73.91,39.27,0.0,463.45,43.1,0.0,26.37,19.31,3.0,100.0,15.73,-8.46,368.39,1.4,5.61,8.34,73.91,99.63,60.0,0.0,42.31,598.65,9.81,150.0,0.0,52.03,65.7,42.08,64.5,22.85,5.45,1.82,67.27,25.45,11.22,13.4,-177.1,0.0,-177.1,1.18,191.82,0.0,148.15,21.71,54.94,16.92,98.31,2.26,709.0,81.66,0.0,463.45,5.64,2.23,37.77,40.22,163.0,9.54,164.14,5.64,-8.46,5.7,23.59,-4.7,19.67,51.61,147.37
203,38.89,2.37,22.69,85.79,37.5,0.42,2.04,0.0,3.0,99.45,98.12,-4.04,174.71,9.87,5.53,5242.0,38.89,71.41,47.04,3.91,0.44,450.27,117.0,151.94,3.86,33.76,67.4,26.86,65.45,22.88,16.25,3.27,0.6,79.88,5.36,12.86,18.67,4.5,18.67,0.5,6.18,0.94,20.53,18.88,57.01,18.46,78.31,3.95,45765.0,77.7,1.63,85.79,3.23,16.43,0.8,6.07,75.3,5.66,4.12,5.83,-4.04,2.91,9.02,-2.82,8.39,32.44,2.95
204,40.0,4.1,0.0,167.7,42.8,6.87,9.16,11.68,3.0,99.18,27.52,-4.12,154.42,6.83,1.37,155.61,40.0,96.23,43.87,6.79,0.0,245.4,37.18,148.08,3.85,33.6,65.5,18.44,72.39,19.38,8.79,8.79,10.99,71.43,4.78,18.42,33.83,6.76,33.83,0.71,21.31,0.0,184.4,22.55,61.59,23.25,100.0,7.15,1455.0,83.92,1.36,167.7,2.75,2.09,3.64,64.71,106.7,14.6,13.75,8.25,-4.12,2.36,11.15,10.31,21.33,16.41,4.65
205,31.25,8.67,0.0,130.54,33.1,0.34,1.5,0.75,3.0,99.45,115.83,-5.51,174.26,9.97,5.11,7685.0,31.25,84.98,36.11,3.95,1.08,435.26,93.87,116.06,2.79,37.68,60.0,39.47,69.68,25.01,17.97,3.8,0.22,78.01,5.83,12.14,26.0,4.6,26.0,0.48,5.77,0.18,27.1,18.18,52.37,14.66,88.02,6.33,27744.0,79.48,2.3,130.54,3.06,65.12,0.0,0.0,69.2,11.65,9.92,6.24,-5.51,3.12,3.81,-6.64,8.81,45.98,1.8
206,90.0,13.57,0.0,296.12,58.6,0.0,3.13,5.76,3.0,99.45,112.35,-3.58,264.39,8.68,4.67,653.65,90.0,90.21,34.73,2.21,0.0,280.53,38.45,123.33,3.92,52.71,71.5,43.83,70.06,20.98,12.17,16.58,0.71,70.55,7.56,15.21,-82.62,19.61,-82.62,0.75,0.0,0.0,31.98,18.0,67.31,26.06,99.2,4.38,4471.0,84.25,0.66,296.12,8.28,14.44,2.92,26.32,89.8,10.43,22.15,6.26,-3.58,0.81,5.42,0.88,12.51,36.31,7.08
207,76.92,10.33,0.0,174.02,40.6,0.8,1.79,2.0,3.0,100.0,95.59,3.26,172.33,8.25,5.2,1625.0,76.92,88.43,53.14,3.73,0.74,290.66,28.94,144.12,5.36,50.06,76.5,27.94,56.2,14.09,10.53,4.14,0.83,84.5,5.2,17.47,0.83,3.83,0.83,0.66,49.52,0.0,53.57,16.81,78.18,36.89,96.72,3.55,13510.0,85.23,1.49,174.02,3.11,22.8,2.05,20.46,88.2,18.35,16.36,9.1,3.26,8.09,10.54,11.44,6.81,5.34,4.97
208,70.0,6.55,0.0,150.08,37.8,3.92,2.73,0.0,3.0,100.0,35.79,-10.79,173.58,6.93,2.31,61.18,70.0,98.94,46.36,3.85,3.85,361.81,28.83,94.71,5.33,47.61,61.6,32.36,67.59,22.69,12.37,4.64,13.92,69.07,6.16,14.52,175.21,3.9,175.21,0.8,23.88,29.28,191.85,25.94,64.03,20.15,83.25,3.93,2596.0,74.19,0.0,150.08,-1.16,1.32,0.12,67.71,101.2,76.14,137.54,5.39,-10.79,6.51,15.77,7.45,10.77,36.97,31.14
209,66.67,12.75,0.0,379.81,38.8,2.5,3.27,5.0,3.0,98.9,55.03,-5.13,154.31,8.92,2.8,278.05,66.67,87.53,41.94,5.07,0.0,327.33,48.79,175.51,3.67,35.8,64.4,24.73,69.68,23.2,10.5,18.26,4.11,67.12,3.57,14.18,4.08,10.02,4.08,0.6,0.0,0.0,54.14,18.95,53.25,15.18,95.81,9.1,3901.0,63.56,1.01,379.81,5.9,1.95,0.07,68.0,78.0,11.2,10.24,5.9,-5.13,4.31,9.99,-3.96,16.25,35.58,10.44
210,75.0,2.72,0.0,539.77,41.7,56.82,32.65,0.0,3.0,100.0,31.18,0.0,172.36,5.43,2.72,235.26,75.0,93.39,21.91,0.0,0.0,315.43,20.81,0.0,0.0,41.51,72.7,97.83,64.57,26.43,0.0,4.35,4.35,91.3,21.74,9.81,114.95,0.0,114.95,0.71,0.0,0.0,0.0,13.39,82.44,43.15,100.0,5.72,367.0,86.96,0.0,539.77,-13.62,8.65,0.0,60.9,114.6,24.24,113.64,5.45,0.0,15.39,20.41,3.97,13.13,18.46,57.14
211,100.0,8.09,47.94,160.27,42.4,4.42,2.17,5.64,3.0,99.18,130.24,-1.24,150.97,18.41,12.65,521.41,100.0,76.6,46.04,4.17,1.55,423.26,64.92,126.35,4.89,52.97,71.5,50.93,71.51,21.73,9.26,6.82,2.69,81.24,5.81,15.15,189.57,6.87,189.57,0.55,7.89,2.37,59.34,19.31,64.41,24.9,69.2,6.5,19386.0,66.08,1.51,160.27,5.47,4.16,0.64,62.88,88.7,25.09,14.98,8.98,-1.24,1.34,2.66,8.37,17.52,30.42,7.78
212,57.14,1.96,0.0,47.97,65.9,0.0,16.65,0.0,3.0,100.0,16.72,-7.84,173.65,9.8,0.0,16.5,57.14,98.8,66.67,0.0,0.0,406.18,30.09,94.44,9.09,34.77,65.2,50.98,56.44,24.9,10.53,3.51,36.84,49.12,7.84,9.02,298.76,19.05,298.76,0.85,13.73,0.0,283.46,22.89,53.81,15.26,100.0,3.33,510.0,69.81,0.0,47.97,15.69,0.76,0.0,58.36,107.8,37.14,119.93,5.88,-7.84,17.72,26.98,-6.93,24.92,42.86,46.51
213,40.0,0.0,0.0,479.04,49.1,0.0,0.0,0.0,3.0,100.0,0.0,-17.14,176.63,0.0,0.0,62.5,40.0,100.0,100.0,0.0,0.0,306.64,60.04,0.0,0.0,65.44,71.5,11.3,52.17,19.43,7.14,7.14,21.43,64.29,22.6,12.0,285.44,0.0,285.44,0.78,34.29,0.0,0.0,23.31,65.03,24.54,94.12,10.86,175.0,75.58,0.0,479.04,17.14,2.14,0.0,53.57,101.8,1.64,5.99,0.0,-17.14,0.95,17.62,12.9,12.14,29.5,153.85
214,100.0,8.0,0.0,61.73,43.5,0.0,3.87,7.41,3.0,100.0,230.49,-1.69,172.81,11.88,7.03,787.24,100.0,65.38,55.84,2.43,2.42,274.39,49.07,0.0,4.31,38.78,70.6,24.74,62.27,20.57,15.91,7.47,1.62,75.0,5.58,13.6,-10.48,12.24,-10.48,0.64,0.0,0.0,0.0,18.29,58.24,18.83,99.02,4.96,4133.0,80.9,1.46,61.73,0.73,7.94,1.52,60.0,82.4,110.98,92.35,7.5,-1.69,2.49,7.5,2.89,13.03,23.7,9.6
215,44.44,5.0,0.0,259.21,38.7,2.92,3.74,1.75,3.0,100.0,68.19,3.53,169.48,4.77,4.05,544.62,44.44,94.1,38.46,2.41,2.35,273.85,38.39,114.75,3.03,44.9,74.5,36.22,57.22,16.1,13.92,10.13,4.43,71.52,4.77,16.6,8.31,5.09,8.31,0.69,19.54,0.0,89.18,19.0,71.51,32.43,99.38,2.94,4248.0,87.09,0.24,259.21,5.65,9.22,1.54,33.33,96.9,7.69,13.44,11.3,3.53,8.43,11.47,30.03,12.94,12.71,16.13
216,55.56,2.65,0.0,173.79,51.2,2.35,4.61,4.23,3.0,100.0,33.67,-0.24,174.87,10.12,5.06,124.0,55.56,97.15,73.03,2.4,2.42,455.61,64.36,100.0,5.69,33.11,65.3,40.73,65.36,21.26,10.33,7.33,16.67,65.67,6.51,14.13,-42.02,7.12,-42.02,0.58,11.85,8.95,63.71,21.8,61.86,18.02,88.79,4.57,4134.0,75.78,0.24,173.79,14.76,3.88,1.74,40.64,89.3,31.83,77.97,7.5,-0.24,10.67,22.65,0.0,18.73,23.31,9.35
217,33.33,14.98,0.0,23.6,52.2,0.0,11.67,0.0,3.0,100.0,22.51,3.01,254.48,5.99,0.75,21.88,33.33,97.54,49.64,7.47,0.0,252.48,10.38,100.0,5.66,42.84,68.0,26.22,59.09,13.38,8.0,8.8,33.6,49.6,6.74,18.5,149.17,15.65,149.17,0.88,9.77,0.0,78.65,21.97,69.15,22.72,100.0,8.12,1330.0,82.02,0.75,23.6,0.75,1.49,1.51,53.08,115.2,6.05,44.06,8.27,3.01,3.39,18.15,16.56,15.24,23.75,9.43
218,59.64,4.32,0.0,284.78,40.7,0.0,3.65,2.28,3.0,100.0,150.8,-1.44,565.75,8.17,4.0,278.54,60.61,87.36,32.92,3.2,1.6,308.48,39.99,68.18,5.73,35.2,71.2,25.94,62.17,15.75,15.95,11.63,5.25,67.17,6.24,16.32,82.5,8.07,82.5,0.73,53.51,2.24,8.14,23.28,63.89,20.43,84.75,4.58,6242.0,79.8,1.12,284.78,-0.16,3.95,2.01,56.18,91.0,19.96,36.58,6.73,-1.44,4.03,13.4,4.07,7.39,6.85,7.11
219,100.0,7.21,0.0,246.37,38.7,0.0,2.79,4.31,2.0,99.2,91.43,-4.72,140.57,12.21,8.39,901.2,100.0,81.49,49.51,2.94,0.0,311.16,49.81,0.0,10.14,17.1,76.3,19.57,73.91,21.06,15.69,9.49,2.19,72.63,7.06,15.61,13.74,2.9,13.74,0.61,5.89,0.0,0.0,19.33,59.83,20.66,84.22,5.69,6786.0,77.68,1.32,246.37,-1.03,6.89,1.2,59.1,91.6,4.95,1.58,3.83,-4.72,8.33,1.76,0.37,11.02,28.86,9.93
220,73.08,9.87,265.75,343.76,47.7,1.66,4.64,0.0,3.0,100.0,67.67,2.6,238.09,13.92,11.33,239.09,73.08,84.5,32.86,3.23,6.49,328.33,53.81,0.0,3.91,50.0,72.1,37.71,68.19,17.81,13.74,12.62,6.87,66.77,8.26,17.67,119.82,9.73,119.82,0.76,27.76,0.0,0.0,20.15,60.74,20.89,86.27,4.68,6159.0,70.36,1.13,343.76,-2.44,5.58,6.09,55.16,94.8,16.4,38.58,9.58,2.6,0.59,11.85,7.71,8.26,16.86,10.07
221,81.82,40.76,0.0,36.17,43.2,0.0,7.74,90.42,3.0,98.36,15.04,-7.03,508.05,3.98,0.0,4.18,81.82,99.87,67.16,9.85,0.0,690.14,54.14,0.0,12.5,63.19,67.6,34.79,66.56,27.61,5.93,3.7,42.96,47.41,23.86,9.14,51.3,9.63,51.3,0.99,348.39,0.0,0.0,18.88,55.84,18.08,98.44,7.83,996.0,72.26,0.0,36.17,17.07,0.8,20.5,60.95,128.9,6.73,117.54,5.02,-7.03,15.56,31.04,-10.43,23.93,36.68,196.08
222,20.0,12.93,0.0,152.39,39.9,1.62,1.74,0.0,3.0,99.45,58.52,-2.01,174.77,11.34,8.09,930.19,20.0,87.37,26.19,3.33,4.18,382.52,76.22,128.57,6.05,52.0,67.8,46.95,65.12,22.39,15.79,12.02,1.2,70.99,8.34,12.82,-25.24,5.77,-25.24,0.73,7.7,0.92,3.74,22.19,59.4,17.26,89.18,2.24,11953.0,77.47,1.16,152.39,1.84,14.1,0.86,19.3,76.2,4.36,8.12,7.11,-2.01,1.3,5.53,-4.0,9.85,34.46,6.3
223,50.0,10.03,48.42,131.05,43.3,1.72,3.66,7.21,3.0,99.18,36.79,-1.19,152.97,12.57,7.99,334.55,50.0,69.36,47.98,3.4,5.1,298.25,73.16,110.26,4.79,52.75,70.6,17.5,69.25,19.62,14.53,7.41,5.41,72.65,4.59,16.16,213.87,13.59,213.87,0.6,5.44,0.0,33.82,20.41,55.6,15.73,92.53,8.91,5878.0,83.2,1.19,131.05,6.46,2.68,0.23,62.09,87.7,27.69,20.78,7.83,-1.19,0.15,6.81,2.23,15.79,15.59,9.63
224,50.0,3.38,0.0,664.56,49.2,0.0,0.0,0.0,3.0,100.0,0.0,-6.67,355.46,10.14,3.38,35.46,50.0,99.43,47.94,34.25,0.0,492.86,7.93,0.0,0.0,59.24,67.6,27.03,67.6,27.67,3.03,38.38,37.37,21.21,20.27,7.33,399.35,32.05,399.35,1.17,223.33,0.0,0.0,12.59,50.36,17.99,100.0,11.0,300.0,32.58,0.0,664.56,16.67,2.58,70.33,6.62,111.5,14.08,63.29,6.67,-6.67,12.23,35.45,-4.46,18.78,28.75,30.3
225,100.0,22.22,0.0,506.99,46.6,0.0,4.36,0.0,3.0,100.0,13.82,0.0,363.85,0.0,0.0,14.53,100.0,100.0,89.84,0.0,0.0,304.16,14.66,172.22,0.0,51.04,65.5,3.7,75.32,23.7,3.12,10.94,73.44,12.5,3.7,12.22,57.91,38.76,57.91,0.77,0.0,0.0,562.5,12.2,55.12,13.78,100.0,12.59,270.0,46.49,0.0,506.99,0.0,0.71,70.99,7.43,123.0,7.69,34.97,11.11,0.0,6.87,39.6,-7.85,31.05,39.6,27.03
226,80.0,16.22,0.0,128.58,51.1,0.0,6.16,0.0,3.0,98.9,69.54,1.62,174.22,7.46,2.92,268.5,80.0,87.69,31.46,3.24,0.0,287.83,32.01,0.0,3.77,18.38,69.5,33.42,63.58,19.47,10.22,31.56,3.11,55.11,3.57,15.92,92.48,6.53,92.48,0.7,0.0,0.0,0.0,22.03,55.65,16.75,99.58,6.27,3077.0,74.08,0.0,128.58,3.25,4.57,3.32,68.76,88.2,46.46,64.78,8.77,1.62,0.99,15.8,6.54,15.15,26.24,10.23
227,62.5,8.88,0.0,167.55,24.5,6.65,9.71,20.61,3.0,99.18,49.52,2.53,141.47,8.24,2.54,94.77,62.5,98.48,46.6,6.35,0.0,332.85,79.42,0.0,6.15,38.96,67.5,11.41,69.86,19.84,18.03,7.38,17.21,57.38,4.44,17.11,150.59,6.42,150.59,0.8,31.69,0.0,0.0,22.94,59.09,17.89,97.71,11.53,1578.0,81.08,0.0,167.55,20.91,1.05,0.72,55.8,92.5,91.02,101.06,13.31,2.53,2.25,11.53,7.86,28.37,25.06,20.83
228,59.64,5.29,0.0,549.22,38.6,0.0,0.0,0.0,1.0,100.0,48.19,-10.53,175.7,0.0,0.0,15.81,60.61,100.0,100.0,0.0,0.0,284.63,26.84,0.0,0.0,52.03,66.4,26.46,55.74,15.26,5.0,0.0,40.0,55.0,15.87,14.74,-84.16,0.0,-84.16,0.77,110.53,0.0,0.0,25.54,73.37,26.09,100.0,1.05,190.0,84.78,0.0,549.22,-5.26,1.57,37.72,40.18,134.3,14.18,103.63,5.26,-10.53,3.78,26.34,2.7,18.69,28.03,68.97
229,50.0,40.92,0.0,368.15,38.7,0.0,14.26,0.0,3.0,98.36,26.39,-10.44,201.92,2.56,0.0,9.68,50.0,99.12,58.46,0.0,0.0,1045.0,35.86,0.0,0.0,58.98,65.8,99.74,57.61,20.89,7.14,10.71,35.71,46.43,2.56,12.53,681.84,0.0,681.84,0.86,0.0,0.0,0.0,24.53,60.53,14.93,89.66,6.27,383.0,85.28,0.0,368.15,13.05,0.88,35.09,43.17,121.5,17.32,104.44,0.0,-10.44,1.66,23.23,6.39,29.91,40.12,51.28
230,66.67,21.28,0.0,340.35,53.1,3.09,5.85,12.38,3.0,99.45,44.07,-4.66,176.35,10.8,6.79,177.25,66.67,80.81,13.32,3.06,6.22,264.72,35.81,140.83,22.06,37.88,68.4,61.07,67.29,21.95,7.01,22.78,2.1,68.11,10.18,15.26,231.14,18.39,231.14,1.11,27.04,0.0,169.97,19.59,60.85,20.19,96.31,6.22,3217.0,68.54,0.61,340.35,22.38,12.86,3.36,48.1,92.7,11.32,79.83,7.46,-4.66,1.79,8.16,-0.28,11.81,30.59,14.29
231,12.5,7.48,0.0,196.02,61.2,5.85,11.56,0.0,3.0,99.45,44.73,-3.73,172.79,6.85,4.36,158.21,12.5,96.52,27.15,6.25,0.0,316.23,102.7,0.0,5.56,61.0,63.8,36.76,61.71,19.58,12.57,19.67,2.19,65.57,5.61,13.8,25.6,0.0,25.6,1.53,9.94,0.0,0.0,20.37,57.78,18.54,100.0,2.73,1609.0,86.07,0.0,196.02,3.11,4.51,1.38,67.06,84.3,22.86,46.81,2.49,-3.73,2.14,4.84,-4.62,11.28,43.47,16.95
232,84.85,6.14,30.94,134.96,50.1,3.97,2.08,2.43,3.0,100.0,95.93,0.99,152.62,14.27,9.78,1625.0,84.85,68.41,48.64,3.46,0.43,268.14,41.51,107.97,4.18,35.7,71.5,37.5,65.84,19.4,10.35,7.76,2.28,79.61,7.44,14.94,60.28,6.99,60.28,0.55,100.44,0.0,30.77,18.08,70.45,29.3,75.29,5.18,23118.0,56.15,1.82,134.96,4.76,11.3,6.28,28.27,88.4,20.76,15.36,7.57,0.99,1.61,16.16,3.6,7.1,14.9,8.72
233,37.5,16.84,0.0,218.13,39.9,7.68,0.0,0.0,3.0,98.9,11.03,-0.81,175.19,4.01,0.8,18.48,37.5,100.0,73.71,7.99,8.06,248.56,47.94,0.0,7.14,30.65,70.0,35.28,67.25,21.19,12.15,4.67,19.63,63.55,14.43,13.78,109.71,7.88,109.71,0.74,130.54,0.0,0.0,23.78,69.1,28.5,90.0,3.46,1241.0,84.95,0.8,218.13,0.81,0.28,0.54,70.11,119.0,7.25,7.68,9.67,-0.81,1.72,13.26,-3.27,20.06,37.5,22.47
234,66.67,3.7,0.0,77.36,47.7,0.0,0.0,0.0,3.0,100.0,12.16,-3.72,175.75,4.63,1.85,22.54,66.67,97.78,69.89,9.2,0.0,342.42,30.62,100.0,6.9,45.57,63.3,35.15,63.97,20.67,12.05,7.23,14.46,66.27,6.48,14.06,75.97,9.22,75.97,0.82,42.83,0.0,319.82,19.75,65.59,25.47,98.9,2.51,1074.0,83.52,0.0,77.36,0.93,0.28,0.44,86.0,121.8,9.76,7.55,6.52,-3.72,6.34,12.81,0.19,21.47,41.12,14.18
235,100.0,3.93,0.0,305.23,65.5,6.54,7.97,0.0,3.0,99.18,29.06,-1.3,150.54,4.59,0.0,44.07,100.0,97.71,56.96,6.61,0.0,405.66,27.06,75.0,4.35,42.5,62.2,20.98,71.7,19.93,3.85,12.5,20.19,63.46,5.9,19.02,-24.04,13.1,-24.04,0.78,22.15,0.0,13.07,21.24,61.15,15.72,100.0,6.64,1535.0,77.83,0.0,305.23,2.61,0.68,0.35,79.84,93.9,12.09,21.57,11.07,-1.3,5.22,14.07,9.1,21.87,34.77,30.77
236,37.5,11.9,0.0,293.17,48.3,0.0,0.0,0.0,3.0,99.18,7.3,4.03,156.94,0.0,0.0,24.39,37.5,98.86,69.88,0.0,0.0,310.54,63.97,0.0,10.0,30.3,67.5,35.71,81.02,25.0,3.12,25.0,28.12,43.75,23.81,16.94,152.17,0.0,152.17,0.89,274.19,0.0,0.0,19.03,64.16,25.66,95.45,2.82,248.0,86.24,3.92,293.17,0.0,0.39,0.79,70.99,149.7,97.44,152.61,12.1,4.03,3.79,12.1,0.0,24.5,22.73,34.48
237,13.33,17.99,0.0,185.38,35.3,0.0,4.21,9.88,3.0,100.0,47.25,-2.69,190.92,8.06,4.83,85.04,13.33,91.61,36.86,2.68,8.08,376.27,65.12,127.03,5.11,49.4,68.6,24.7,68.39,18.83,8.0,18.0,14.86,59.14,6.18,17.75,148.6,8.21,148.6,0.69,79.45,0.0,105.87,19.04,56.89,19.34,93.03,6.44,3713.0,69.58,0.54,185.38,8.35,1.96,1.37,56.16,107.3,11.09,29.63,8.62,-2.69,3.22,23.22,8.89,25.47,23.66,14.87
238,40.0,16.74,0.0,698.14,35.5,0.0,4.11,32.19,3.0,99.45,34.8,0.0,172.72,1.34,1.34,119.95,40.0,96.0,28.18,0.0,6.68,274.03,108.06,120.83,0.0,64.74,67.8,99.13,53.54,18.64,8.39,11.61,6.45,73.55,18.08,12.63,191.51,0.0,191.51,0.88,38.74,0.0,172.04,23.92,67.45,22.6,98.03,2.87,1497.0,74.71,1.34,698.14,-1.34,27.09,2.64,7.85,94.2,1.38,21.46,9.35,0.0,0.77,9.43,15.24,9.42,29.97,41.38
239,62.5,41.21,1787.0,1092.0,48.8,0.0,1.92,0.0,3.0,100.0,32.8,-5.1,266.43,13.74,13.17,17.24,62.5,98.09,34.08,5.79,0.0,242.9,20.32,153.12,6.0,39.36,72.4,59.53,58.39,17.1,11.38,5.99,21.56,61.08,7.44,15.57,-71.26,5.74,-71.26,0.94,26.61,0.0,105.96,21.56,72.19,29.63,98.2,2.15,1766.0,88.66,0.58,1092.0,0.0,2.5,16.87,52.15,164.2,1.06,11.81,2.83,-5.1,3.78,10.5,16.72,11.03,19.98,40.16
240,100.0,11.74,0.0,73.53,42.8,24.51,0.0,0.0,3.0,100.0,21.74,-7.14,178.61,0.0,0.0,22.29,100.0,89.04,100.0,0.0,0.0,290.29,69.98,0.0,0.0,40.0,79.6,30.52,64.06,23.81,7.69,7.69,30.77,53.85,16.43,12.86,-292.83,0.0,-292.83,0.47,166.67,0.0,0.0,25.67,59.41,20.54,100.0,1.67,420.0,90.91,0.0,73.53,7.14,0.29,0.11,75.96,106.3,17.78,19.61,7.14,-7.14,10.6,22.99,6.33,23.64,2.16,23.26
241,16.67,3.01,0.0,140.27,64.2,0.0,6.38,5.42,3.0,99.18,24.6,4.71,153.76,2.68,1.34,190.1,16.67,85.57,30.22,3.34,0.0,383.86,47.93,136.88,5.62,52.75,70.8,26.12,72.86,20.74,15.76,15.22,10.87,58.15,5.69,16.24,128.59,0.0,128.59,0.68,5.71,22.18,152.35,19.55,53.67,16.34,94.87,8.07,2975.0,80.75,1.0,140.27,-2.69,2.8,0.26,56.42,92.0,12.17,16.63,12.1,4.71,1.17,7.73,6.63,15.71,13.56,14.35
242,40.0,32.15,0.0,522.7,39.6,4.16,4.47,0.0,3.0,100.0,25.6,-5.61,254.37,4.71,1.71,18.92,40.0,98.63,47.4,4.26,8.64,221.9,16.19,117.88,6.06,45.75,70.0,36.43,67.1,17.4,10.05,3.52,21.11,65.33,7.29,15.89,-53.36,4.12,-53.36,0.8,56.13,0.0,374.69,17.86,71.63,31.0,95.77,3.54,2316.0,81.36,0.0,522.7,7.77,2.19,0.29,68.59,159.2,6.01,64.56,5.61,-5.61,2.54,14.39,-2.36,15.63,16.4,12.71
243,70.0,7.27,58.05,221.16,48.3,4.28,2.73,4.93,3.0,100.0,66.41,-0.2,150.51,12.11,7.47,934.36,70.0,68.94,32.34,3.05,2.0,273.78,29.39,208.84,4.3,25.1,75.4,28.96,68.02,17.81,10.14,10.89,3.78,75.19,6.16,17.78,86.84,8.22,86.84,0.53,66.84,0.0,101.86,21.46,65.18,22.74,76.09,5.28,9979.0,57.41,1.12,221.16,3.31,11.1,2.7,25.56,90.1,7.09,7.6,7.92,-0.2,0.1,21.95,11.17,15.71,17.51,3.9
244,33.33,8.4,32.66,540.2,43.6,0.0,3.74,7.97,3.0,99.2,101.18,-4.87,141.17,12.14,7.59,532.61,33.33,76.29,40.06,4.03,1.02,334.48,55.82,176.61,2.99,15.2,69.2,28.23,73.41,24.4,11.99,6.98,3.22,77.82,4.96,13.47,81.95,10.05,81.95,0.57,12.49,0.71,48.69,17.51,54.26,16.88,79.82,5.1,9848.0,69.8,1.31,540.2,6.09,3.3,0.59,63.39,83.0,12.42,8.17,7.11,-4.87,7.09,0.52,-2.1,10.94,33.44,10.42
